University Name ,State,CDS Year,TotalUndergraduateFTMen,TotalUndergradMenPT,TotalUndergradFTWomen,TotalUndergradPTWomen,TotalFTUndergradMenWomen,TotalUndergraduateMenEnrolled,PercentUndergradMenEnrolled,TotalUndergraduateWomenEnrolled,PercentUndergradWomenEnrolled,TotalUndergraduateOtherGenderEnrolled,PercentUndergradOtherGenderEnrolled,TotalUndergraduateEnrolled,TotalFTGraduateMen,TotalPTGraduateMen,TotalFTGraduateWomen,TotalPTGraduateWomen,TotalGraduateMenEnrolled,PercentGraduateMenEnrolled,TotalGraduateWomenEnrolled,PercentGraduateWomenEnrolled,TotalGraduateOtherGenderEnrolled,PercentGraduateOtherGenderEnrolled,TotalGraduateEnrolled,PercentMenEnrolled,PercentWomenEnrolled,TotalAllStudentsEnrolled,TotalNonResidentUndergrad,PercentNonResidentUndergrad,TotalHispanicUndergrad,PercentHispanicUndergrad,TotalBlackUndergrad,PercentBlackUndergrad,TotalWhiteUndergrad,PercentWhiteUndergrad,TotalNativeAmericanUndergrad,PercentNativeAmericanUndergrad,TotalAsianUndergrad,PercentAsianUndergrad,TotalPacificIslanderUndergrad,PercentPacificIslanderUndergrad,Total2+RacesUndergrad,Percent2+RacesUndergrad,TotalUnknownRaceUndergrad,PercentUnknownRaceUndergrad,PellGrantRecipients2016Cohort,Total2016Cohort,Percent2016CohortGotPellGrands,TotalSixYearGraduation Rate %2016Cohort,PellGrantRecipients2015Cohort,Total2015Cohort,Percent2015CohortGotPellGrants,TotalSixYearGraduation Rate %2015Cohort,RetentionRateUndergradFirstYear%,FTFYMenApplied,PercentFTFYMenApplied,FTFYWomenApplied,PercentFTFYWomenApplied,FTFYOtherGenderApplied,PercentFTFYOtherGenderApplied,FTFYTotalApplied,FTFYMenAdmitted,PercentFTFYMenAdmitted,FTFYWomenAdmitted,PercentFTFYWomenAdmitted,FTFYOtherGenderAdmitted,PercentOtherGenderAdmitted,FTFYTotalAdmitted,FTFYMenEnrolledFT,FTFYMenEnrolledPT,PercentFTFYMenEnrolled,FTFYWomenEnrolledFT,FTFYWomenEnrolledPT,PercentFTFYWomenEnrolled,FTFYOtherGenderEnrolledFT,FTFYOtherGenderEnrolledPT,PercentFTFYOtherGenderEnrolled,FTFYTotalEnrolled,HSCompletionRequirement,ACTUsedForAdmissionDecisions?,FTFYGPAAvg,ResidentApplicationFee(inDollars),ApplicationFeeCanBeWaived?,TotalTransferMenEnrolled,PercentTransferMenEnrolled,TotalTransferWomenEnrolled,PercentTransferWomenEnrolled,TotalAppliedTransfer,TotalAdmittedTransfer,TotalEnrolledTransfer,PercentEnrolledStudentsTransfer,PercentUndergradOutOfState,PercentUndergradOnCampus,PercentUndergradOffCampus,AverageUndergradStudentAge,InStateTuitionCost,OutStateTuitionCost,NonresidentTuitionCost,InStateCreditHourCost,OutStateCreditHourCost,NonresidentCrediHourCost,TotalNeedBasedScholarship,TotalNonNeedScholarship,FTUndergradApplyNeedBasedFinancialAid,PercentUndergradApplyForNeedBasedFinancialAid,FTUndergradAwardedFinancialAid,FTUndergradAwardedNeedBasedFinancialAid,PercentUndergradAppliedNeedBasedFinancialAidReceived,PercentUndergradGotNeedBasedFinancialAid,PercentOfNeed-BasedAidMetForStudents,AvgNeedBasedScholarshipAmount,NoFinancialNeedFTStudentsAwardedScholarship,AvgNoNeedScholarship,PercentFirstTimeStudentsBorrowedAnyLoanProgram,FirstTimeStudentsAvgBorrowedAnyLoanProgram,NonresidentStudentsAwardedAid,AvgAmountAwardedNonresidentStudents,Student/FacultyRatio,Current Minimum Wage,Preemption,NomPreemption,Hypertension,Cardiovascular Disease,Avoided Care Due To Cost,Drug Deaths (per 100.000),Suicide (per 100.000),High Cholesterol,Depression Women,Multiple Chronic Conditions,Income Inequality,Violent Crime Rate (per 100.000),Child Mortality,Infant Mortality (per 100.000),Percent Black,Percent White,Median Wage,Cost Of Living Index,Housing Insecurity,Food Insecurity
Auburn University,Alabama,2022-2023,11374,1310,11605,1090,22979,12684,49.97832854,12695,50.02167146,0,0,25379,1455,1539,2045,1346,2994,46.89115114,3391,53.10884886,0,0,6385,49.35776351,50.64223649,31764,750,2.361163581,1003,3.157662763,1079,3.396927339,20954,65.96776225,63,0.198337741,705,2.219493767,16,0.05037149,733,2.307643874,76,0.239264576,578,4529,12.76219916,80.6,626,4902,12.77029784,80.6,91.84,18548,40.59265095,27145,59.40734905,0,0,45693,8261,41.32979788,11727,58.67020212,0,0,19988,2469,12,46.78483877,2813,9,53.21516123,0,0,0,5303,GEDorHSDiplomaAccepted,No,4.07,50,Yes,591,52.72078501,530,47.27921499,4428,2029,1121,4.417037708,40,17,83,20,10392,31176,31306,433,1299,1299,57697864,74635235,16469,71.66978546,7575,5866,35.61843463,25.52765569,48,9189,5785,7739,38.3,31893,0,0,20,7.25,1,Yes,0.43,0.12,0.11,21.3,16.2,0.4,0.22,0.15,5.27,454,38.8,7.3,0.26,0.67,50620,88.8,0.14,0.13
University of Alabama,Alabama,2022-2023,12755,1397,16203,2103,28958,14152,43.60096124,18306,56.39903876,0,0,32458,1571,783,2064,1768,2354,38.05366958,3832,61.94633042,0,0,6186,42.71296967,57.28703033,38644,352,0.910878791,1862,4.818341787,3552,9.191595073,23687,61.29541455,119,0.307939137,487,1.260221509,34,0.08798261,1119,2.895662975,1246,3.224303902,1276,7541,16.92083278,72.8,1277,7176,17.79542921,72.2,86.7,21550,39.85426838,32522,60.14573162,0,0,54072,17129,39.56802957,26161,60.43197043,0,0,43290,3462,28,43.42416324,4519,28,56.57583676,0,0,0,8037,GEDorHSDiplomaAccepted,No,3.77,40,Yes,592,49.62279966,601,50.37720034,4245,2758,1193,3.675519132,59.6,27.8,72.2,21,11100,31460,31460,545,1385,1385,107067519,200065652,16248,56.1088473,11155,9016,55.48990645,31.13474687,57.1,13064,9650,31101,48.1,38615,139,34465,19,7.25,1,Yes,0.43,0.12,0.11,21.3,16.2,0.4,0.22,0.15,5.27,454,38.8,7.3,0.26,0.67,50620,88.8,0.14,0.13
University of Alabama at Birmingham,Alabama,2022-2023,3836,1048,6427,1721,10263,4884,37.47697974,8148,62.52302026,0,0,13032,1850,1169,2967,2621,3019,35.07610085,5588,64.92389915,0,0,8607,36.52202043,63.47797957,21639,328,1.51578169,923,4.265446647,3309,15.29183419,6661,30.78238366,20,0.092425713,1066,4.926290494,6,0.027727714,637,2.943758954,82,0.378945423,768,1932,39.7515528,64.2,1065,4109,25.91871502,74,82.4,3451,34.69387755,6496,65.30612245,0,0,9947,2870,33.28694039,5752,66.71305961,0,0,8622,733,22,34.05502932,1439,23,65.94497068,0,0,0,2217,GEDorHSDiplomaAccepted,Yes,3.79,40,Yes,454,40.070609,679,59.929391,2388,1954,1133,8.693984039,13.6,25.1,74.9,22.3,11040,27330,29730,368,911,991,23814319,59172338,7417,72.26931696,5817,3736,50.37076985,36.40261132,53.2,6249,2955,8993,56.4,28048,152,20788,18,7.25,1,Yes,0.43,0.12,0.11,21.3,16.2,0.4,0.22,0.15,5.27,454,38.8,7.3,0.26,0.67,50620,88.8,0.14,0.13
University of Alabama in Huntsville,Alabama,2022-2023,3535,730,2326,578,5861,4265,59.49225833,2904,40.50774167,0,0,7169,401,667,325,675,1068,51.64410058,1000,48.35589942,0,0,2068,57.73519541,42.26480459,9237,106,1.147558731,479,5.185666342,640,6.92865649,5036,54.51986576,62,0.671213597,294,3.182851575,11,0.119086283,332,3.594240554,209,2.262639385,242,1193,20.28499581,62.95,260,1026,25.3411306,60.72,80,2822,50.56441498,2759,49.43558502,0,0,5581,2320,53.22321633,2039,46.77678367,0,0,4359,743,10,65.25129983,411,8,36.3084922,0,0,0,1154,GEDorHSDiplomaAccepted,Yes,3.715,30,Yes,322,52.35772358,293,47.64227642,1406,1002,615,8.578602316,14,26,74,22,10120,23012,23012,530,1236,1236,23966311,27381484,3792,64.69885685,2879,2511,66.21835443,42.84251834,68.6,9393,2200,10275,44,21231,70,15468,17,7.25,1,Yes,0.43,0.12,0.11,21.3,16.2,0.4,0.22,0.15,5.27,454,38.8,7.3,0.26,0.67,50620,88.8,0.14,0.13
Arizona State University,Arizona,2022-2023,30168,3183,29716,2425,59884,33351,50.92377695,32141,49.07622305,0,0,65492,6567,1496,4886,1624,8063,55.32834694,6510,44.67165306,0,0,14573,51.72547305,48.27452695,80065,4429,5.531755449,16843,21.03665772,2784,3.477174795,29298,36.59276838,725,0.90551427,5689,7.1054768,136,0.169861987,3282,4.099169425,2306,2.88015987,3703,11435,32.38303454,38.6,3380,11357,29.76138065,67.6,85.4,34073,49.53262876,34632,50.34525869,0,0,68789,30036,48.64996194,31628,51.22855893,0,0,61739,7606,87,50.77552637,7345,83,49.0264669,0,0,0,15151,GEDorHSDiplomaAccepted,No,3.55,50,Yes,1980,50.80831409,1917,49.19168591,8294,7412,3897,5.95034508,29,24.4,75.6,21,10978,29952,32760,784,1248,1365,364647439,234170424,42992,71.79213145,31782,29276,68.09639003,48.88784984,60,12143,17513,9550,41,23515,2289,10349,19,12.8,1,Yes,0.31,0.08,0.11,35.1,18.4,0.35,0.18,0.09,4.35,485,32.1,5.6,0.06,0.77,58620,107.2,0.16,0.1
University of Arizona,Arizona,2022-2023,13089,4901,17292,5123,30381,17990,44.52198876,22415,55.4730616,2,0.004949637,40407,2982,1786,3911,2018,4768,44.44858768,5929,55.2717442,30,0.279668127,10727,44.50659053,55.4308288,51134,1904,3.723549889,10735,20.99385927,1597,3.123166582,19055,37.26483357,496,0.970000391,2038,3.985606446,83,0.162318614,1963,3.838933,2536,4.959518129,1787,5997,29.79823245,67.93,2110,6973,30.25957264,64.34,85.6,23397,44.90528376,28706,55.09471624,0,0,52103,19866,43.95618984,25329,56.04381016,0,0,45195,2602,1228,42.23177859,3552,1687,57.76822141,0,0,0,9069,GEDorHSDiplomaAccepted,Yes,3.53,50,Yes,1372,48.1741573,1476,51.8258427,9544,6365,2848,7.048283713,44,22,78,22,11210,35628,35628,801,1485,1485,59370670,4665025,19545,64.33297126,14282,13665,69.91557943,44.97876963,64,13534,9481,12065,40.88,25078,791,17797,18,12.8,1,Yes,0.31,0.08,0.11,35.1,18.4,0.35,0.18,0.09,4.35,485,32.1,5.6,0.06,0.77,58620,107.2,0.16,0.1
University of Arkansas,Arkansas,2022-2023,10475,1138,12971,1685,23446,11613,44.20800183,14656,55.79199817,0,0,26269,718,1370,1050,1529,2088,6.749418154,2579,8.336565813,0,0,30936,44.28820791,55.71179209,30936,407,1.315619343,2813,9.092966124,1132,3.659167313,19443,62.84910784,215,0.694983191,737,2.38233773,33,0.106671839,1228,3.969485389,261,0.843677269,953,4938,19.29931146,69.19,911,4871,18.70252515,69.7,85.58,10960,41.81610072,15250,58.18389928,0,0,26210,8396,40.57802909,12295,59.42197091,0,0,20691,3150,15,44.60259301,3913,18,55.39740699,0,0,0,7096,GEDorHSDiplomaAccepted,Yes,3.76,40,Yes,668,45.50408719,800,54.49591281,4309,2574,1468,5.588336062,52,29,71,21,7666,26690,26690,255.51,889.68,889.68,55769755,50197669,15058,64.2241747,8248,6483,43.05352636,27.65077199,55.4,8582,4013,5734,46.98,28468,121,15490,20,11,1,Yes,0.41,0.11,0.12,18.5,19.5,0.37,0.25,0.14,4.8,672,37.5,7.3,0.16,0.78,48570,90.3,0.13,0.15
"University of California, Berkeley",California,2022-2023,13603,849,17218,896,30821,14452,44.01937194,18114,55.1734641,1,0.003045902,32831,4972,1586,5168,1090,6558,50.78209695,6258,48.4590367,98,0.758866347,12914,45.92851678,53.27795387,45745,4161,9.096076074,6608,14.44529457,671,1.466826976,6580,14.38408569,35,0.076511094,11387,24.89233796,45,0.098371407,1946,4.254016832,1042,2.277844573,1203,6199,19.40635586,94,1267,5510,22.99455535,93,96,58473,45.60151607,64210,50.07564768,2447,1.908349321,128226,5045,34.52169153,8873,60.71575202,302,2.066511564,14614,2600,18,38.92358014,3926,26,58.75706215,102,0,1.516503122,6726,GEDorHSDiplomaAccepted,Yes,3.9,70,Yes,1218,45.48170276,1366,51.00821509,19380,4714,2678,8.156924858,15,27,73,20,12522,45096,45096,385,1137,1137,370684276,29648473,30820,99.99675546,13770,13182,42.77092797,42.76954025,84.7,26334,1978,7288,28,16419,0,0,19.4,14,0,No,0.28,0.06,0.09,22.4,10.6,0.34,0.15,0.07,5.25,442,20,4.2,0.07,0.64,73220,134.5,0.2,0.1
"University of California, Irvine",California,2022-2023,12124,372,15555,364,27679,12496,43.59931614,15919,55.54237466,246,0.858309201,28661,3220,340,3350,295,3560,48.9347079,3645,50.10309278,70,0.962199313,7275,44.6794301,54.44122885,35936,3747,10.42686999,7596,21.13757792,575,1.600066785,3749,10.43243544,37,0.102960819,10915,30.37344167,41,0.114091719,1609,4.477404274,392,1.090828139,2475,6541,37.83825103,86.645,2341,5746,40.74138531,83.667,91.4,54710,45.89803606,64489,54.10196394,0,0,119199,9981,39.36035965,15377,60.63964035,0,0,25358,2234,2,38.59164653,3550,8,61.40835347,0,0,0,5794,GEDorHSDiplomaAccepted,No,3.715,70,Yes,1299,49.46686976,1286,48.97182026,22795,9276,2626,9.162276264,6,44,56,21,11834,42611,42611,385,1137,1137,367589125,13864896,27911,100.8381806,16269,15801,56.61208842,57.08659995,83,23039,1046,8406,39.49,16947,60,20432,18,14,0,No,0.28,0.06,0.09,22.4,10.6,0.34,0.15,0.07,5.25,442,20,4.2,0.07,0.64,73220,134.5,0.2,0.1
"University of California, Los Angeles",California,2022-2023,12392,313,19072,334,31464,12705,39.18514635,19406,59.85257379,312,0.962279863,32423,6707,887,7102,527,7594,49.28288662,7629,49.51002661,186,1.207086767,15409,42.43811674,56.52073925,47832,2961,6.190416458,7185,15.02132464,1075,2.247449406,8321,17.39630373,60,0.125439037,9489,19.83818364,56,0.117076434,2298,4.804315103,978,2.044656297,2266,6545,34.62184874,92.4,1065,4109,25.91871502,74,96.4,65852,43.95554517,78381,52.31852618,5582,3.725928645,149815,4910,38.22796637,7593,59.11709748,341,2.654936157,12844,2371,2,36.72237697,4001,11,62.08604147,77,0,1.191581554,6462,GEDorHSDiplomaAccepted,No,3.93,70,Yes,1461,40.06032355,2111,57.88319166,25099,6130,3647,11.24818801,13.6,58,42,20.7,12522,45096,45096,385,1137,1137,336632507,16185368,17107,54.37007374,15025,14563,85.1288946,46.28464277,84.4,23600,1247,6573,33,17920,142,27591,18,14,0,No,0.28,0.06,0.09,22.4,10.6,0.34,0.15,0.07,5.25,442,20,4.2,0.07,0.64,73220,134.5,0.2,0.1
"University of California, Riverside",California,2022-2023,10397,520,11278,417,21675,10917,47.6662446,11695,51.0631795,291,1.270575907,22903,1922,184,1588,147,2106,53.91705069,1735,44.41884281,356,9.114183308,3906,48.57697042,50.09511731,26809,878,3.275019583,8975,33.4775635,690,2.573762542,2459,9.172292887,13,0.048491178,8357,31.17236749,27,0.100712447,1203,4.487299041,301,1.122757283,3025,5345,56.59494855,76,2120,4018,52.76256844,76.5,87.4,25033,45.77672122,27891,51.00301728,863,1.578129286,54685,15996,42.25820939,20580,54.36821388,587,1.550735741,37853,2533,24,45.87369932,2811,25,50.87908145,117,3,2.15285253,5574,GEDorHSDiplomaAccepted,No,3.94,70,Yes,775,53.15500686,645,44.23868313,12939,7939,1458,6.365978256,1,35,65,20,12522,45096,45096,385,1137,1137,302901340,5622893,17990,82.9988466,15268,14870,82.65703168,68.60438293,85.8,19951,433,6320,54.6,18960,288,8641,24,14,0,No,0.28,0.06,0.09,22.4,10.6,0.34,0.15,0.07,5.25,442,20,4.2,0.07,0.64,73220,134.5,0.2,0.1
"University of California, San Diego",California,2022-2023,14904,553,16547,452,31451,17192,51.94585448,16999,51.36270244,640,1.933768431,33096,4295,548,2997,394,4843,57.75101359,3391,40.43644169,152,1.812544717,8386,53.11942529,49.15384986,41482,4627,11.15423557,7488,18.05120293,1081,2.605949568,6156,14.84017164,138,0.332674413,12780,30.80854346,47,0.113302155,0,0,779,1.877922955,1756,5714,30.73153658,88,1373,5286,25.97427166,89,93.3,58894,44.87025157,67389,51.34243528,4971,3.787313149,131254,12412,39.68791968,17655,56.45264437,1207,3.859435953,31274,2680,30,41.39932783,3596,52,55.72868928,187,1,2.87198289,6546,GEDorHSDiplomaAccepted,No,4.16,70,Yes,1466,47.72135417,1524,49.609375,19723,11586,3072,9.28208847,9,39,61,21,13752,46326,46326,385,1137,1137,383779924,23279212,20424,64.93911163,16417,15648,76.61574618,49.75358494,85.4,24176,1137,12701,39,19230,42,17843,19,14,0,No,0.28,0.06,0.09,22.4,10.6,0.34,0.15,0.07,5.25,442,20,4.2,0.07,0.64,73220,134.5,0.2,0.1
"University of California, Santa Cruz",California,2022-2023,8037,431,8058,294,16095,8468,48.38304194,8352,47.72026054,682,3.89669752,17502,969,33,868,23,1002,50.70850202,891,45.09109312,83,4.200404858,1976,48.61895472,47.45353732,19478,794,4.07639388,4911,25.21306089,326,1.67368313,5566,28.57582914,18,0.092411952,4063,20.85943115,26,0.133483931,1449,7.439162132,349,1.791765068,1359,4204,32.32635585,77,1299,3607,36.01330746,78,87.7,28150,42.63020005,34925,52.89022156,1682,2.547211243,66033,11881,38.20748649,17784,57.19063545,809,2.601620787,31096,1617,11,42.07805635,2037,14,53.01111398,164,3,4.316360817,3869,GEDorHSDiplomaAccepted,No,3.98,70,Yes,606,49.79457683,528,43.38537387,11678,7126,1217,6.95349103,4.1,51.3,48.7,21,11834,42611,42611,385,1137,1137,214574164,11606740,11851,73.6315626,9191,8838,74.57598515,54.91146319,84.9,23731,928,7554,43,20895,228,6256,23,14,0,No,0.28,0.06,0.09,22.4,10.6,0.34,0.15,0.07,5.25,442,20,4.2,0.07,0.64,73220,134.5,0.2,0.1
Colorado School of Mines,Colorado,2022-2023,3718,189,1736,89,5454,3907,68.14931101,1825,31.83324612,1,0.017442875,5733,870,300,405,92,1170,69.85074627,497,29.67164179,9,0.537313433,1675,68.53401728,31.34449244,7408,200,2.699784017,702,9.476241901,66,0.890928726,3943,53.2262419,27,0.364470842,329,4.441144708,3,0.04049676,333,4.495140389,130,1.754859611,111,1049,10.5815062,80.99,100,1003,9.970089731,83.25,94,7498,68.87745728,3388,31.12254272,0,0,10886,4090,64.77668673,2224,35.22331327,0,0,6314,1035,2,68.44884488,477,1,31.55115512,0,0,0,1515,GEDorHSDiplomaAccepted,Yes,3.85,50,Yes,88,67.69230769,42,32.30769231,471,223,130,2.267573696,43,41,59,20,17520,39600,39600,584,1320,1320,25847320,21560749,3627,66.50165017,2182,1239,34.16046319,22.71727173,62,5644,2260,8153,53.6,31046,28,23037,17,12.56,0,No,0.26,0.06,0.1,24.8,22.3,0.32,0.2,0.08,4.4,423,28.3,4.8,0.05,0.84,67870,105.5,0.15,0.11
Colorado State University,Colorado,2022-2023,10274,1520,12663,1605,22937,11794,45.25362597,14268,54.74637403,0,0,26062,1098,1983,1970,2248,3081,42.21126182,4218,57.78873818,0,0,7299,44.58799197,55.41200803,33361,667,1.999340547,4054,12.15191391,588,1.762537094,18318,54.90842601,140,0.419651689,782,2.344054435,32,0.095920386,1281,3.839812955,200,0.599502413,1014,4854,20.88998764,66.9,950,4624,20.5449827,68.8,85.55,13703,41.371294,19419,58.628706,0,0,33122,12213,40.6206346,17853,59.3793654,0,0,30066,2339,99,43.76234069,3020,113,56.23765931,0,0,0,5571,GEDorHSDiplomaAccepted,Yes,3.7,50,Yes,763,47.15698393,855,52.84301607,4733,3043,1618,6.208272581,32.6,23.3,76.7,21,9903,29861,29861,449.8,1493,1493,92521844,28287227,15308,66.73932947,9076,7193,46.98850274,31.35981166,65.7,9815,4017,5146,47.73,27363,295,15468,17,12.56,0,No,0.26,0.06,0.1,24.8,22.3,0.32,0.2,0.08,4.4,423,28.3,4.8,0.05,0.84,67870,105.5,0.15,0.11
University of Colorado Boulder,Colorado,2022-2023,15377,1373,13379,974,28756,16750,53.85332605,14353,46.14667395,0,0,31103,1517,2440,1335,1827,3927,55.16224189,3162,44.41635061,0,0,7119,54.09711684,45.82439433,38222,988,2.584898749,3992,10.44424677,535,1.39971744,20963,54.84537701,48,0.125582125,1897,4.963110251,28,0.07325624,1999,5.229972267,221,0.578201036,928,6378,14.55001568,75,976,6179,15.79543615,74,88,26690,48.65022511,28170,51.3479521,1,0.001822789,54861,19686,45.34273079,23729,54.65496591,1,0.002303298,43416,3559,52,50.81621165,3453,42,49.18378835,0,0,0,7106,GEDorHSDiplomaAccepted,Yes,3.68,65,Yes,782,57.84023669,570,42.15976331,4095,2981,1352,4.346847571,45,27,73,20.4,11520,38770,40670,385,1137,1137,102600676,55158230,14804,51.48142996,8907,7212,48.71656309,25.07998331,74,13657,9716,10199,36,29719,134,17356,18.3,12.56,0,No,0.26,0.06,0.1,24.8,22.3,0.32,0.2,0.08,4.4,423,28.3,4.8,0.05,0.84,67870,105.5,0.15,0.11
University of Colorado Denver,Colorado,2022-2023,3668,2403,4719,3265,8387,6071,43.19459267,7984,56.80540733,0,0,14055,1546,1863,2502,3778,3409,35.18422954,6280,64.81577046,0,0,9689,39.92587601,60.07412399,23744,993,4.182109164,3525,14.8458558,820,3.453504043,6388,26.90363881,47,0.197944744,1304,5.491913747,19,0.080020216,773,3.255559299,186,0.783355795,516,1368,37.71929825,44,482,1278,37.71517997,48,69,6010,38.4050099,9639,61.5949901,0,0,15649,4216,36.13920795,7450,63.86079205,0,0,11666,618,65,40.75178998,894,99,59.24821002,0,0,0,1676,GEDorHSDiplomaAccepted,Yes,3.54,50,Yes,610,47.25019365,681,52.74980635,2990,2197,1291,9.185343294,11,20,80,23,11370,34110,35820,379,1137,1194,2775253.72,806390.88,5695,67.90270657,4416,3827,67.19929763,45.63014189,1,10123,843,2704,42,20161,90,8067,17,12.56,0,No,0.26,0.06,0.1,24.8,22.3,0.32,0.2,0.08,4.4,423,28.3,4.8,0.05,0.84,67870,105.5,0.15,0.11
University of Connecticut,Connecticut,2022-2023,8619,333,9778,253,18397,8952,47.15798346,10031,52.84201654,0,0,18983,2446,1161,3026,1387,3607,44.97506234,4413,55.02493766,0,0,8020,46.50964708,53.49035292,27003,1617,5.988223531,2836,10.50253676,1313,4.862422694,9701,35.92563789,19,0.070362552,2473,9.158241677,5,0.018516461,810,2.999666704,209,0.773988075,746,3786,19.70417327,83.2,1065,4109,25.91871502,74,91,17820,43.57607473,23074,56.42392527,0,0,40894,8603,38.59058897,13690,61.40941103,0,0,22293,1726,5,42.54116491,2335,3,57.45883509,0,0,0,4069,GEDorHSDiplomaAccepted,Yes,3.715,80,Yes,369,52.48933144,334,47.51066856,2062,1414,703,3.703313491,24,64,36,20,16332,39000,39000,681,1625,1625,121508811,58741267,12973,70.51693211,9365,7557,58.25175364,41.07734957,60,15912,3557,11200,52,27408,344,18560,16,14,0,No,0.32,0.07,0.07,38.5,9.9,0.35,0.18,0.08,5.28,182,17.5,4.3,0.13,0.77,69310,113.1,0.16,0.1
University of Delaware,Delaware,2022-2023,7098,682,10376,727,17474,7780,43.06431972,11103,61.45798738,0,0,18066,1766,384,1872,535,2150,47.18016239,2407,52.81983761,0,0,4557,43.89338284,59.71798612,22623,695,3.072094771,1722,7.611722583,1097,4.84904743,12437,54.97502542,20,0.088405605,1020,4.508685851,5,0.022101401,701,3.098616452,369,1.631083411,529,3943,13.41618057,82.22,554,4092,13.53861193,83.6,90.93,13789,39.14215965,21439,60.85784035,0,0,35228,9353,35.8338761,16166,61.93632428,0,0,26101,1781,4,36.38401957,2842,5,58.03098247,0,0,0,4906,GEDorHSDiplomaAccepted,Yes,3.96,75,Yes,183,48.15789474,197,51.84210526,1619,815,380,2.103398649,61.99,39.5,60.5,19.99,14040,37680,37680,585,1570,1570,105775562,54983004,12361,70.73938423,8613,7963,64.42035434,45.57056198,58.98,13189,4817,9674,60,38234,0,0,12,15.2,0,No,0.36,0.1,0.07,46,12.6,0.38,0.16,0.1,4.5,432,28.5,6.2,0.23,0.66,62260,102.6,0.14,0.11
Florida International University,Florida,2022-2023,11135,8785,15034,10488,26169,19920,43.83609876,25522,56.16390124,0,0,45442,2852,1142,4422,1829,3994,38.98487067,6251,61.01512933,0,0,10245,42.94359545,57.05640455,55687,3378,6.066047731,30222,54.27119435,5330,9.571354176,4089,7.342826872,25,0.044893781,1135,2.038177672,24,0.04309803,891,1.600014366,348,0.624921436,2276,4157,54.75102237,68,2233,3798,58.79410216,66,91,6980,40.24678545,10363,59.75321455,0,0,17343,4369,39.44920993,6706,60.55079007,0,0,11075,1155,722,42.42766727,1824,723,57.57233273,0,0,0,4424,GEDorHSDiplomaAccepted,Yes,4,30,Yes,2560,40.79681275,3715,59.20318725,12185,9248,6275,13.80881123,5,7,93,23,6168,18566,18566,205.57,618.87,618.87,168459227,88096490,18046,68.95945584,17289,14458,80.11747756,55.24857656,41.7,7709,1531,2180,28.36,18139,517,3868,21,10,1,Yes,0.33,0.09,0.09,34,13.9,0.35,0.21,0.1,4.7,384,26.4,6.1,0.16,0.72,55980,102.3,0.19,0.1
Florida State University,Florida,2022-2023,12477,1623,17102,1734,29579,14100,42.81029876,18836,57.18970124,0,0,32936,2694,1558,3758,3215,4252,37.87973274,6973,62.12026726,0,0,11225,41.55702996,58.44297004,44161,592,1.340549354,7554,17.10559091,2574,5.828672358,19161,43.38896311,40,0.090577659,1140,2.581463282,24,0.054346595,1430,3.23815131,421,0.953329861,1640,6201,26.4473472,84.8,1523,6022,25.29060113,83.2,93.9,31200,39.95492265,46872,60.02458764,16,0.020489704,78088,7829,40.04193944,11718,59.93248773,5,0.025572831,19552,2370,45,40.0298359,3554,64,59.9701641,0,0,0,6033,GEDorHSDiplomaAccepted,Yes,3.71,30,Yes,803,49.17330067,830,50.82669933,8514,2381,1633,4.958100559,12.7,20.1,19.9,20.5,4640,19806,19806,215.55,721.1,721.1,157135210,71187176,20019,67.67977281,15565,14655,73.20545482,49.54528551,61,10180,2394,3369,35.7,18866,449,8486,17.4,10,1,Yes,0.33,0.09,0.09,34,13.9,0.35,0.21,0.1,4.7,384,26.4,6.1,0.16,0.72,55980,102.3,0.19,0.1
University of Central Florida,Florida,2022-2023,18526,8031,22571,9618,41097,26557,45.20417369,32189,54.79071984,3,0.00510647,58749,1872,1909,2402,3022,3781,41.05320304,5424,58.89250814,5,0.054288817,9210,44.32658309,54.95602116,68442,1972,2.881271734,17475,25.53256772,5701,8.329680605,26002,37.9912919,71,0.103737471,4291,6.269542094,67,0.097893107,2666,3.895268987,504,0.736389936,1913,6146,31.12593557,76,1065,4109,25.91871502,74,93,22985,41.8083926,31991,58.18978846,1,0.001818942,54977,9534,42.2606383,13026,57.7393617,0,0,22560,3160,375,47.05804047,3753,224,52.94195953,0,0,0,7512,GEDorHSDiplomaAccepted,No,4.19,30,Yes,2383,42.28926353,3252,57.71073647,14489,8994,5635,9.591652624,6.9,12.7,87.3,22,6368,22467,22467,212.28,748.89,748.89,160056355,158267242,31476,76.58953208,21832,17015,54.05705935,41.40204881,63,7467,4239,2898,39,21727,295,1205,28.7,10,1,Yes,0.33,0.09,0.09,34,13.9,0.35,0.21,0.1,4.7,384,26.4,6.1,0.16,0.72,55980,102.3,0.19,0.1
University of Florida,Florida,2022-2023,13307,1799,17710,1736,31017,15106,43.71961102,19446,56.28038898,0,0,34552,6024,2657,6928,5050,8681,42.02042693,11978,57.97957307,0,0,20659,43.08380576,56.91619424,55211,906,1.640977341,8293,15.0205575,1739,3.149734654,17487,31.67303617,22,0.039847132,3812,6.90442122,14,0.025357266,1655,2.99759106,624,1.13020956,1566,6740,23.23442136,90,1763,6775,26.02214022,90.81,97,28248,43.81368945,36225,56.18631055,0,0,64473,6358,42.23462203,8696,57.76537797,0,0,15054,2721,9,41.28856624,3873,9,58.71143376,0,0,0,6612,GEDorHSDiplomaAccepted,Yes,3.93,30,Yes,874,46.78800857,994,53.21199143,5326,2364,1868,5.406344061,10.06,22.37,77.63,20.5,4477,25694,25694,149.24,856.45,856.45,160509118,102788885,21089,67.99174646,16194,15395,73.00014225,49.63407164,98,10606,1760,3000,24.57,18991,0,0,16,10,1,Yes,0.33,0.09,0.09,34,13.9,0.35,0.21,0.1,4.7,384,26.4,6.1,0.16,0.72,55980,102.3,0.19,0.1
University of South Florida,Florida,2022-2023,12878,3600,17220,4348,30098,16478,43.31072912,21568,56.68927088,0,0,38046,2931,1592,3898,3126,4523,39.17034728,7024,60.82965272,0,0,11547,42.34670216,57.65329784,49593,3315,6.684411106,8406,16.94997278,3040,6.129897365,17268,34.81943016,56,0.112919162,3137,6.325489484,39,0.078640131,1603,3.232311012,1182,2.383400883,1661,4737,35.06438674,74,1065,4109,25.91871502,74,90,26545,40.48530511,39022,59.51469489,0,0,65567,11667,40.49494985,17144,59.50505015,0,0,28811,2750,86,41.87213938,3877,60,58.12786062,0,0,0,6773,GEDorHSDiplomaAccepted,Yes,4.06,30,Yes,1279,41.32471729,1816,58.67528271,10326,6040,3095,8.134889344,20,16,84,21,4559,15473,15473,151.95,347.91,347.91,147367416,52202660,20878,69.36673533,14829,13696,65.60015327,45.5046847,64,10309,3874,3277,37.3,19949,888,8210,22,10,1,Yes,0.33,0.09,0.09,34,13.9,0.35,0.21,0.1,4.7,384,26.4,6.1,0.16,0.72,55980,102.3,0.19,0.1
Georgia Institute of Technology,Georgia,2022-2023,9757,1421,6451,787,16208,11178,60.69721981,7238,39.30278019,0,0,18416,5167,14359,2538,4817,19526,72.63866672,7355,27.36133328,0,0,26881,67.78373844,32.21626156,45297,1867,4.121685763,1456,3.214340906,1405,3.101750668,6876,15.17981323,0,0,5764,12.72490452,5,0.011038259,814,1.797028501,228,0.503344592,315,2871,10.97178683,92.6,351,3087,11.37026239,91.93,97.9,33820,66.82473819,16790,33.17526181,0,0,50610,4847,55.89252768,3825,44.10747232,0,0,8672,2099,11,57.85577187,1531,6,42.14422813,0,0,0,3647,HSDNoGED,Yes,3.715,75,Yes,482,67.13091922,236,32.86908078,2525,913,718,3.898783666,34,44,56,20,10258,31370,31370,427,1307,1307,72080524,55573651,9742,60.10612043,5378,5098,52.33011702,31.45360316,50,13687,1092,5903,32,27451,0,0,22,7.25,1,Yes,0.37,0.09,0.16,17.8,14.1,0.37,0.18,0.1,4.89,400,29.7,7,0.32,0.58,58000,91,0.16,0.1
Georgia State University,Georgia,2022-2023,8707,2968,12885,4367,21592,11675,40.3602171,17252,59.6397829,0,0,28927,1950,746,3309,1591,2696,35.4923644,4900,64.5076356,0,0,7596,39.34780823,60.65219177,36523,1177,3.222626838,4845,13.26561345,14230,38.96175013,5978,16.36776826,24,0.065712017,5667,15.51625003,16,0.043808011,1779,4.870903266,188,0.514744134,2436,3975,61.28301887,54.36,2336,2944,79.34782609,56.89,75.49,10136,36.03654851,17991,63.96345149,0,0,28127,6340,37.20438941,10701,62.79561059,0,0,17041,2326,106,43.3588875,3046,131,56.6411125,0,0,0,5609,HSDNoGED,Yes,3.58,60,Yes,490,37.92569659,802,62.07430341,4408,2613,1292,4.46641546,6,18,82,23,8948,27986,27986,298.27,932.87,932.87,109563430,182696895,24434,113.1622823,20215,14942,61.15249243,69.20155613,43.6,5663,2762.5,6409,59.74,27968,261,2905,26,7.25,1,Yes,0.37,0.09,0.16,17.8,14.1,0.37,0.18,0.1,4.89,400,29.7,7,0.32,0.58,58000,91,0.16,0.1
University of Georgia,Georgia,2022-2023,11967,916,16856,975,28823,12883,41.94504135,17831,58.05495865,0,0,30714,2969,789,4538,1597,3758,37.98645507,6135,62.01354493,0,0,9893,40.98061911,59.01938089,40607,367,0.903785062,2244,5.526140813,1910,4.703622528,20793,51.20545719,19,0.046789962,3711,9.13881843,17,0.041864703,1286,3.16694166,367,0.903785062,1098,5401,20.3295686,88.11,1007,5248,19.1882622,87.84,94.3,16242,41.2715353,23112,58.7284647,0,0,39354,6149,36.75433353,10581,63.24566647,0,0,16730,2355,7,60.39376119,3895,16,100,0,0,0,3911,GEDorHSDiplomaAccepted,Yes,4.12,70,Yes,853,52.81733746,761,47.12074303,3003,2248,1615,5.258188448,15,35,65,20,9790,28830,28830,385,1137,1137,104029787,142370248,20156,69.93026403,9673,9158,45.4356023,31.77323665,75.7,10659,1283,3024,36,22532,0,0,17,7.25,1,Yes,0.37,0.09,0.16,17.8,14.1,0.37,0.18,0.1,4.89,400,29.7,7,0.32,0.58,58000,91,0.16,0.1
University of Hawaii at Manoa,Hawaii,2022-2023,4468,1148,7068,1514,11536,5616,39.55486688,8582,60.44513312,0,0,14198,976,862,1624,1414,1838,37.69483183,3038,62.30516817,0,0,4876,39.07937507,60.92062493,19074,557,2.920205515,334,1.751074761,255,1.336898396,3444,18.05599245,76,0.398448149,4854,25.44825417,2313,12.12645486,2277,11.93771626,88,0.461361015,1099,1922,57.18002081,62.3,1065,4109,25.91871502,74,78.8,5777,30.44692737,13197,69.55307263,0,0,18974,4283,31.02049685,9524,68.97950315,0,0,13807,1114,86,38.585209,1798,112,61.414791,0,0,0,3110,GEDorHSDiplomaAccepted,Yes,3.69,70,Yes,542,37.25085911,913,62.74914089,5184,3657,1455,10.24792224,37,20,80,21,11304,33336,33336,471,1389,1389,47266970,19007787,11095,96.17718447,5898,5812,52.38395674,50.3814147,71.7,11118,3693,12778,42,23479,357,20516,13.5,10.1,0,No,0.3,0.07,0.05,19.6,13,0.35,0.11,0.06,4.49,254,19.6,6,0.04,0.42,61420,179,0.18,0.09
University of Illinois Chicago,Illinois,2022-2023,9222,1004,10506,1075,19728,10226,46.89319943,11581,53.10680057,0,0,21807,3430,1313,4902,2295,4743,39.72361809,7197,60.27638191,0,0,11940,44.3565354,55.6434646,33747,1642,4.865617685,7853,23.27021661,1643,4.868580911,5047,14.95540344,9,0.026669037,4545,13.46786381,5,0.014816132,639,1.893501645,424,1.256407977,1907,3271,58.300214,62,2000,3462,57.7700751,62,78.3,10021,42.53034547,13541,57.46965453,0,0,23562,7448,40.17043309,11093,59.82956691,0,0,18541,1887,37,45.33459001,2292,28,54.66540999,0,0,0,4244,GEDorHSDiplomaAccepted,Yes,3.47,60,Yes,964,45.68720379,1146,54.31279621,5368,3333,2110,9.675792177,4,13,87,21,11178,26200,26200,414,853,910,160982152,3680808,16136,81.79237632,14221,13096,81.16013882,66.38280616,54,13069,1111,6899,58,28208,134,4094,18,12,0,No,0.3,0.08,0.1,28,10.8,0.32,0.17,0.09,4.97,426,25.1,6.1,0.16,0.75,63930,90.8,0.16,0.09
University of Illinois Urbana-Champaign,Illinois,2022-2023,17963,845,15518,453,33481,18808,54.07861066,15971,45.92138934,0,0,34779,7257,4913,5862,3796,12170,55.75407733,9658,44.24592267,0,0,21828,54.72468069,45.27531931,56607,4739,8.371756143,4794,8.468917272,2090,3.692122882,13916,24.58353207,13,0.022965358,7406,13.08318759,13,0.022965358,1281,2.262971011,527,0.930980267,1655,7556,21.90312335,84.88,1476,6926,21.31100202,86.2,93.5,26889,56.4978043,20638,43.36351985,0,0,47593,14566,51.29776369,13786,48.5508012,0,0,28395,4455,0,53.65530531,3838,0,46.22425629,0,0,0,8303,GEDorHSDiplomaAccepted,Yes,3.715,50,Yes,666,52.60663507,595,46.99842022,4245,2001,1266,3.640127663,16,50,50,21,12254,29704,30594,385,1137,1137,219735132,22369877,20707,61.84701771,14643,13701,66.16603081,40.92171679,71,17443,3749,5997,44,23662,92,6749,21,12,0,No,0.3,0.08,0.1,28,10.8,0.32,0.17,0.09,4.97,426,25.1,6.1,0.16,0.75,63930,90.8,0.16,0.09
Indiana University Bloomington,Indiana,2022-2023,17393,560,17201,367,34594,17953,50.34492428,17707,49.65507572,0,0,35660,3877,2178,3381,1909,6055,53.37152931,5290,46.62847069,0,0,11345,51.07541751,48.92458249,47005,1899,4.039995745,2916,6.203595362,1492,3.174130412,24069,51.20519094,14,0.029784066,3248,6.909903202,7,0.014892033,1833,3.899585151,182,0.387192852,1434,7654,18.7353018,81.12,1473,7843,18.78107867,80.85,89.86,23646,47.21645367,26434,52.78354633,0,0,50080,19322,46.81624346,21950,53.18375654,0,0,41272,4875,12,50.19515201,4834,15,49.80484799,0,0,0,9736,GEDorHSDiplomaAccepted,Yes,3.76,65,Yes,345,52.8330781,308,47.1669219,1991,1347,653,1.831183399,40.29,34.45,65.55,20,10012.1,37685.04,37685.04,312.84,1177.66,1177.66,136254082,100624104,20873,60.33705267,12220,10305,49.36999952,29.78840261,66.5,13406,9920,7717,39.9,28449,579,11675,17,7.25,1,Yes,0.35,0.09,0.09,35.2,15.4,0.36,0.24,0.12,4.23,358,31.3,6.6,0.11,0.83,53500,91.5,0.13,0.1
Purdue University,Indiana,2022-2023,20766,904,15376,903,36142,21670,57.10295396,16279,42.89704604,0,0,37949,3909,3671,2960,2395,7580,58.60069579,5355,41.39930421,0,0,12935,57.48368839,42.51631161,50884,4248,8.348400283,2505,4.922962031,946,1.859130571,23047,45.29321594,28,0.055027121,4855,9.541309645,20,0.039305086,1754,3.447056049,546,1.07302885,1193,7228,16.50525733,84,1172,6853,17.10199912,83,91,41841,61.25254359,26468,38.74745641,0,0,68309,19010,52.81289068,16985,47.18710932,0,0,35995,5128,15,54.98182596,4148,63,45.01817404,0,0,0,9354,GEDorHSDiplomaAccepted,Yes,3.74,60,Yes,403,51.07731305,386,48.92268695,2937,1422,789,2.079106169,46.9,42,58,20,9208,28010,30010,348,948,1018,117618172,42103697,18412,50.94350064,11507,9435,51.24375407,26.10536218,65,12378,2950,5631,39,30861,0,0,14,7.25,1,Yes,0.35,0.09,0.09,35.2,15.4,0.36,0.24,0.12,4.23,358,31.3,6.6,0.11,0.83,53500,91.5,0.13,0.1
Iowa State University,Iowa,2022-2023,13297,775,10695,474,23992,14072,55.75056456,11169,44.24943544,0,0,25241,1447,898,1582,801,2345,49.59813875,2383,50.40186125,0,0,4728,54.77993927,45.22006073,29969,832,2.776202075,1791,5.976175381,665,2.218959592,19393,64.71020054,42,0.140144816,1103,3.680469819,17,0.056725283,740,2.469218192,658,2.195602122,1224,6142,19.9283621,74,1223,6210,19.69404187,76,85.76,11596,52.90387335,10323,47.09612665,0,0,21919,10388,52.52831715,9388,47.47168285,0,0,19776,3178,5,55.56913408,2535,10,44.43086592,0,0,0,5728,GEDorHSDiplomaAccepted,Yes,3.7,40,Yes,752,54.37454808,631,45.62545192,2767,2235,1383,5.479180698,38,31,69,20,8678,25162,26930,363,1049,1123,136405369,63567133,19065,79.463988,11504,11416,59.87936008,47.58252751,77,9862,9904,4648,57,29454,348,11572,18,7.25,1,Yes,0.31,0.08,0.06,14.2,17.8,0.35,0.18,0.09,4.16,304,26,5,0.05,0.9,53520,89.7,0.11,0.07
University of Iowa,Iowa,2022-2023,8778,781,11289,924,20067,9559,43.50339052,12213,55.58185045,201,0.914759022,21973,2179,1438,2788,1528,3617,44.97637404,4316,53.66824173,109,1.355384233,8042,43.89805097,55.0691321,30015,415,1.382642012,1947,6.486756622,663,2.208895552,16346,54.45943695,31,0.103281692,1063,3.541562552,15,0.049975012,822,2.738630685,671,2.235548892,1039,5222,19.89659134,73.68,955,1731,55.17042172,73.72,88.6,11278,43.83380621,14388,55.9213339,63,0.244859886,25729,9789,44.23806941,12281,55.49981923,58,0.262111352,22128,2140,12,41.56044805,2977,9,57.66705292,40,0,0.772499034,5178,GEDorHSDiplomaAccepted,Yes,3.82,55,Yes,535,51.49181906,495,47.64196343,2749,2000,1039,4.728530469,38,28,72,21,10964,32927,32927,363.96,1278.08,1278.08,78471689,42914548,14222,70.87257687,9012,7411,52.10940796,36.93128021,73,10379,5277,6363,50,28993,231,13196,15,7.25,1,Yes,0.31,0.08,0.06,14.2,17.8,0.35,0.18,0.09,4.16,304,26,5,0.05,0.9,53520,89.7,0.11,0.07
Kansas State University,Kansas,2022-2023,6820,667,6642,917,13462,7487,49.76073375,7559,50.23926625,0,0,15046,1022,778,1508,1368,1800,38.49443969,2876,61.50556031,0,0,4676,47.08954467,52.91045533,19722,332,1.68339925,1283,6.505425413,411,2.083967143,11951,60.5973025,60,0.30422878,280,1.419734307,14,0.070986715,576,2.920596288,139,0.704796674,740,3527,20.98100369,68.5,750,3556,21.09111361,68.34,86,4487,46.24342987,5216,53.75657013,0,0,9703,4242,45.95385115,4989,54.04614885,0,0,9231,1416,28,49.65612105,1423,41,50.34387895,0,0,0,2908,GEDorHSDiplomaAccepted,Yes,3.79,40,Yes,560,44.69273743,693,55.30726257,2401,2056,1253,8.327794763,23,24,76,21,9489,25560,25560,316,852,852,41629033,25660208,9173,68.13994949,6322,3091,33.69671863,22.96092705,75,5554,4531,4470,51,25521,0,0,18,7.25,1,Yes,0.34,0.09,0.1,17.4,18.6,0.39,0.21,0.1,4.42,425,29.5,5.9,0.07,0.87,52850,87.7,0.11,0.1
Kansas University,Kansas,2022-2023,7829,813,8933,1326,16762,8642,44.91450548,10259,53.31843459,0,0,19241,2396,759,3109,1203,3155,42.25257801,4312,57.74742199,,0,7467,44.17028606,54.55668713,26708,791,2.961659428,1882,7.046577804,811,3.036543358,13278,49.71544107,97,0.36318706,1157,4.332035345,16,0.059907144,1085,4.062453198,124,0.464280365,968,4130,23.43825666,67,1065,4109,25.91871502,74,85,7271,44.87163663,8933,55.12836337,0,0,16204,6102,42.86918645,8132,57.13081355,0,0,14234,1943,39,44.46937402,2428,47,55.53062598,0,0,0,4457,GEDorHSDiplomaAccepted,Yes,3.66,40,Yes,512,49.18347743,529,50.81652257,1899,1639,1041,5.410321709,32,25,75,21,10092,26960,26960,421.5,983.75,983.75,60831886,49055584,11240,67.05643718,7072,6119,54.43950178,36.50519031,75.8,9455,5022,7966,49.6,28493,313,11276,17,7.25,1,Yes,0.34,0.09,0.1,17.4,18.6,0.39,0.21,0.1,4.42,425,29.5,5.9,0.07,0.87,52850,87.7,0.11,0.1
University of Kentucky,Kentucky,2022-2023,8747,836,12043,1109,20790,9583,42.1508687,13152,57.8491313,0,0,22735,2568,572,4262,1410,3140,35.63322742,5672,64.36677258,0,0,8812,40.33030082,59.66969918,31547,385,1.220401306,1404,4.450502425,1529,4.846736615,17250,54.68031826,42,0.133134688,814,2.580277047,17,0.05388785,939,2.976511237,355,1.1253051,1215,5010,24.25149701,68.51,1218,5118,23.79835873,67.85,84.5,8810,39.84802569,13113,59.31068796,0,0,22109,8211,39.13913914,12599,60.05529339,0,0,20979,2323,39,38.97046692,3636,48,60.78204917,0,0,0,6061,GEDorHSDiplomaAccepted,Yes,3.61,50,Yes,420,45.40540541,500,54.05405405,2028,1634,925,4.06861667,31.1,32.9,67.1,20.7,11849,32043,32043,494.5,1335.5,1335.5,200045252,32866551,13521,65.03607504,9594,4422,32.70468161,21.26984127,56.5,7084,6259,9338,49.4,33788,280,17936,17,7.25,1,Yes,0.4,0.12,0.09,47.3,18,0.38,0.27,0.16,5.04,259,31.4,5.5,0.09,0.88,51490,93.8,0.13,0.12
University of Louisville,Kentucky,2022-2023,5009,1898,6327,2687,11336,6907,43.38295333,9014,56.61704667,0,0,15921,1853,903,2311,1029,2756,45.20997375,3340,54.79002625,0,0,6096,43.88881319,56.11118681,22017,215,0.976518145,1163,5.282281873,2438,11.07326157,10182,46.24608257,23,0.104464732,900,4.087750375,8,0.036335559,946,4.296679838,46,0.208929464,824,2744,30.02915452,62.2,1065,4109,25.91871502,74,78.3,6618,41.83576712,9201,58.16423288,0,0,15819,5348,42.14009928,7343,57.85990072,0,0,12691,1191,109,44.35346298,1515,116,55.64653702,0,0,0,2931,GEDorHSDiplomaAccepted,Yes,3.64,50,Yes,377,39.27083333,583,60.72916667,2800,1874,960,6.029771999,21.9,34.6,65.4,22.1,10970,31415,31520,385,1137,1137,80559585,38742144,8242,72.70642202,6623,6312,76.58335355,55.68101623,61,12692,2051,9584,50,26252,0,0,12.7,7.25,1,Yes,0.4,0.12,0.09,47.3,18,0.38,0.27,0.16,5.04,259,31.4,5.5,0.09,0.88,51490,93.8,0.13,0.12
Louisiana State University,Louisiana,2022-2023,11924,1972,14592,2464,26516,13896,44.89532179,17056,55.10467821,0,0,30952,1763,736,2793,1106,2499,39.05908096,3899,60.94091904,0,0,6398,43.89558233,56.10441767,37350,506,1.354752343,2768,7.410977242,5399,14.45515395,19404,51.95180723,166,0.444444444,1508,4.037483266,26,0.06961178,894,2.393574297,281,0.752342704,1265,5470,23.1261426,69.8,1316,5619,23.42053746,69,83.5,15321,39.4332484,23532,60.5667516,0,0,38853,11170,37.96865971,18249,62.03134029,0,0,29419,3067,16,41.6565329,4300,18,58.3434671,0,0,0,7401,GEDorHSDiplomaAccepted,Yes,3.77,50,Yes,489,48.99799599,509,51.00200401,3915,2532,998,3.224347377,28,30,70,21,8038,24715,24715,385,1137,1137,173237554,96271469,19218,72.47699502,13654,12750,66.34405245,48.08417559,55.3,13577,5317,6567,42,24784,82,13249,20,7.25,1,Yes,0.4,0.1,0.12,41.2,14,0.38,0.25,0.13,5.76,639,38.1,7.8,0.34,0.65,50940,92,0.15,0.15
University of Louisiana at Layfayette,Louisiana,2022-2023,4499,965,6099,1387,10598,5464,42.19305019,7486,57.80694981,0,0,12950,518,487,575,689,1005,44.29263993,1264,55.70736007,0,0,2269,42.50607793,57.49392207,15219,100,0.657073395,699,4.592943032,3097,20.34956305,7811,51.32400289,49,0.321965964,323,2.122347066,13,0.085419541,506,3.324791379,352,2.312898351,1113,3015,36.91542289,51.1,1167,3151,37.03586163,50.1,70,4316,36.72566372,7436,63.27433628,0,0,11752,3151,35.96210911,5611,64.03789089,0,0,8762,1188,12,41.59445407,1672,13,58.40554593,0,0,0,2885,GEDorHSDiplomaAccepted,Yes,3.41,25,Yes,218,35.33225284,399,64.66774716,2271,1094,617,4.764478764,5,27,73,21,5407,19135,19135,433,1005,1005,63454789.23,25301655.65,9147,86.3087375,6886,6395,69.91363289,60.34157388,57,9487,1604,4373,48.3,26509.93,94,22909,18,7.25,1,Yes,0.4,0.1,0.12,41.2,14,0.38,0.25,0.13,5.76,639,38.1,7.8,0.34,0.65,50940,92,0.15,0.15
University of Maine,Maine,2022-2023,3808,905,3557,844,7365,4713,51.7116524,4401,48.2883476,0,0,9114,295,629,450,1083,924,37.60683761,1533,62.39316239,0,0,2457,48.71661913,51.28338087,11571,208,1.797597442,440,3.802609973,153,1.322271195,7521,64.99870366,62,0.535822314,155,1.339555786,3,0.025926886,328,2.834672889,244,2.108720076,626,2192,28.55839416,56.6,725,2012,36.03379722,58.5,75.2,6435,44.54211947,8012,55.45788053,0,0,14447,6015,44.21493678,7589,55.78506322,0,0,13604,980,36,54.1001065,845,17,45.8998935,0,0,0,1878,GEDorHSDiplomaAccepted,Yes,3.42,0,Yes,237,56.29453682,184,43.70546318,1238,1059,421,4.619267062,38,38,62,21,11640,33240,33240,388,1108,1108,44162244,29963894,5739,77.92260692,4089,3928,68.44397979,53.33333333,73.5,10768,2763,8262,69,36656,155,24056,15,12.75,0,No,0.34,0.1,0.08,37.6,16.8,0.35,0.24,0.13,4.62,109,23.1,5.5,0.02,0.93,55960,111.5,0.14,0.1
"University of Maryland, Baltimore County",Maryland,2022-2023,4863,821,4206,735,9069,5684,53.49647059,4941,46.50352941,0,0,10625,1216,554,999,597,1770,52.58467023,1596,47.41532977,0,0,3366,53.27710671,46.72289329,13991,493,3.523693803,898,6.418411836,2427,17.34686584,3447,24.63726681,10,0.071474519,2474,17.68279608,6,0.042884712,622,4.445715103,157,1.122149954,335,1518,22.0685112,70,358,1543,23.20155541,71,86,5451,47.26027397,6083,52.73972603,0,0,11534,4352,46.54047695,4939,52.81788044,0,0,9351,1131,6,53.03171642,999,8,46.96828358,0,0,0,2144,GEDorHSDiplomaAccepted,No,3.96,75,Yes,365,44.18886199,461,55.81113801,1771,1502,826,7.774117647,5,36,64,21,9238,26594,26594,382,1102,1102,45690768,15746416,6430,70.9008711,4580,3930,61.11975117,43.33443599,60,10972,1903,7013,41,23350,203,12467,18,12.5,0,No,0.35,0.07,0.09,45,9.7,0.38,0.17,0.08,4.7,400,23.6,5.9,0.31,0.57,69750,119.5,0.15,0.09
"University of Maryland, College Park",Maryland,2022-2023,14110,1303,13960,980,28070,15413,50.77916516,14940,49.22083484,0,0,30353,4219,1130,3877,1213,5349,51.24054028,5090,48.75945972,0,0,10439,50.89723475,49.10276525,40792,1117,2.738282016,3131,7.675524613,3833,9.396450284,12628,30.9570504,33,0.080898215,6772,16.60129437,16,0.039223377,1456,3.569327319,1367,3.351147284,606,4538,13.3539004,89.08,554,3930,14.09669211,88.35,94.8,27719,48.94150467,28918,51.05849533,0,0,56637,11273,44.73235189,13928,55.26764811,0,0,25201,2841,20,49.14963065,2942,18,50.85036935,0,0,0,5821,GEDorHSDiplomaAccepted,Yes,4.43,75,Yes,1178,52.92003594,1048,47.07996406,6016,3540,2226,7.333706718,22,38,62,19,9695,37931,37931,404,1581,1581,102628181,40357443,17117,60.97969362,10926,8439,49.30186364,30.0641254,64.5,12559,4202,7214,36.21,30420,0,0,18,12.5,0,No,0.35,0.07,0.09,45,9.7,0.38,0.17,0.08,4.7,400,23.6,5.9,0.31,0.57,69750,119.5,0.15,0.09
University of Massachusetts Amherst,Massachusets,2022-2023,11189,654,11731,817,22920,11843,48.5547948,12548,51.4452052,0,0,24391,1377,2469,1471,2521,3846,49.06863996,3992,50.93136004,0,0,7838,48.67976046,51.32023954,32229,1813,5.625368457,2053,6.370039406,1123,3.48443948,14400,44.68025691,17,0.052747526,3097,9.609358032,15,0.046541934,990,3.071767663,883,2.739768531,974,4636,21.00949094,83.11,835,4651,17.95312836,83.86,90.38,21896,48.17495765,23555,51.82504235,0,0,45451,11819,40.9372727,17052,59.0627273,0,0,28871,2574,3,46.10842727,3006,6,53.89157273,0,0,0,5589,GEDorHSDiplomaAccepted,Yes,4.02,85,Yes,650,53.10457516,574,46.89542484,3288,2317,1224,5.018244434,19.83,58,42,20.52,16591,38527,38527,691.25,1605.25,1605.25,127860594,51722543,16829,73.42495637,10914,9903,58.84485115,43.20680628,84.2,13269,6360,6830,60.2,31480,1338,12076,18,14.25,0,No,0.3,0.07,0.07,32.8,8.7,0.36,0.19,0.09,5.68,309,14.3,4,0.1,0.8,76600,148.4,0.16,0.08
Michigan State University,Michigan,2022-2023,17245,1699,18737,1520,35982,18944,48.32529782,20257,51.67470218,0,0,39201,3709,888,4601,1624,4597,42.47828498,6225,57.52171502,0,0,10822,47.06035224,52.93964776,50023,2340,4.67784819,2358,4.713831637,2590,5.177618296,26300,52.57581513,93,0.185914479,3044,6.085200808,26,0.051976091,1593,3.184535114,857,1.713211923,1504,7856,19.14460285,81.9,1792,7848,22.83384302,82.3,89.2,24979,46.82889335,28362,53.17110665,0,0,53341,21668,46.18663938,25246,53.81336062,0,0,46914,4647,83,48.12290162,5008,91,51.87709838,0,0,0,9829,GEDorHSDiplomaAccepted,Yes,3.8,65,Yes,664,48.18577649,714,51.81422351,3706,2459,1378,3.515216449,15,43,57,21,18016,44368,44368,521.75,1434.25,1434.25,150972496,125967673,23019,63.97365349,15276,13205,57.36565446,36.69890501,57.1,11341,5147,6864,50,31591,1141,28720,16.6,9.87,1,Yes,0.35,0.1,0.08,28.1,14.4,0.37,0.23,0.12,4.62,478,26.8,6.3,0.15,0.81,58000,92.7,0.15,0.11
University of Michigan,Michigan,2022-2023,14802,778,16517,598,31319,15580,47.65254626,17115,52.34745374,0,0,32695,7715,1444,8311,1060,9159,49.42795467,9371,50.57204533,0,0,18530,48.29477794,51.70522206,51225,2866,5.594924353,2705,5.280624695,1334,2.604197169,16653,32.50951684,40,0.078086872,5857,11.43387018,18,0.035139092,1645,3.211322596,1577,3.078574915,1100,6675,16.47940075,93.2,891,6050,14.72727273,93.7,97,42004,49.83331158,42283,50.16431563,2,0.002372789,84289,8480,56.85932681,6434,43.14067319,0,0,14914,3060,9,43.53191489,3964,17,56.46808511,0,0,0,7050,GEDorHSDiplomaAccepted,Yes,3.9,75,Yes,704,52.45901639,638,47.54098361,5633,2062,1342,4.10460315,39,27,73,20,17454,56941,56941,738,2420,2420,224792253,108480665,16876,53.88422363,11258,9562,56.66034605,30.53098758,90,22887,3286,6027,35,28487,0,0,15,9.87,1,Yes,0.35,0.1,0.08,28.1,14.4,0.37,0.23,0.12,4.62,478,26.8,6.3,0.15,0.81,58000,92.7,0.15,0.11
Wayne State University,Michigan,2022-2023,4882,1737,7290,2207,12172,6619,41.07098536,9497,58.92901464,0,0,16116,1907,1055,2972,1738,2962,38.60792492,4710,61.39207508,0,0,7672,40.27661006,59.72338994,23788,329,1.383050277,1110,4.666218261,2528,10.627207,8828,37.11114848,39,0.163948209,2267,9.530015134,6,0.025222801,668,2.808138557,341,1.43349588,1008,2396,42.07011686,60.3,1065,2319,45.92496766,55.76,83.7,5496,39.25153549,8506,60.74846451,0,0,14002,4167,39.50886508,6380,60.49113492,0,0,10547,984,61,40.55102833,1475,57,59.44897167,0,0,0,2577,GEDorHSDiplomaAccepted,Yes,3.43,25,Yes,612,40.26315789,908,59.73684211,3408,2592,1520,9.43162075,4,13,87,22,13660,31354,31354,567.97,1303.7,1303.7,59669799,51474368,10531,86.51823858,8922,6758,64.17244326,55.52086756,52,8005,2806,5334,57,26443.86,173,9160,16,9.87,1,Yes,0.35,0.1,0.08,28.1,14.4,0.37,0.23,0.12,4.62,478,26.8,6.3,0.15,0.81,58000,92.7,0.15,0.11
University of Minnesota,Minnesota,2022-2023,13234,4428,15823,5763,29057,17662,45.00101916,21586,54.99898084,0,0,39248,3747,2981,5557,3422,6728,42.83440504,8979,57.16559496,0,0,15707,44.3817669,55.6182331,54955,1947,3.542898735,2388,4.345373487,3065,5.57729051,23552,42.8568829,136,0.247475207,4637,8.437812756,28,0.050950778,1798,3.27176781,1697,3.087981075,1053,5858,17.97541823,84.36,1076,5756,18.69353718,84.21,90.21,17665,46.42575558,20336,53.44546649,0,0,38050,12637,44.33412854,15848,55.59921415,0,0,28504,2953,14,44.04037405,3745,16,55.82603533,0,0,0,6737,GEDorHSDiplomaAccepted,Yes,3.715,55,Yes,830,50.39465695,817,49.60534305,4829,2707,1647,4.196392173,24.7,23.1,76.9,20,10970,31415,31520,385,1137,1137,174565910,24356548,19431,66.87201019,13002,11601,59.70356647,39.92497505,77.1,13570,2762,5676,51,26576,199,4372,16,10.33,0,No,0.3,0.07,0.07,18.8,13.5,0.31,0.21,0.08,4.25,278,22.4,4.8,0.08,0.83,63640,94.1,0.12,0.07
Mississippi State University,Mississippi,2022-2023,8164,902,8457,782,16621,9066,49.52745152,9239,50.47254848,0,0,18305,880,1039,1261,1164,1919,44.17587477,2425,55.82412523,0,0,4344,48.50103757,51.49896243,22649,215,0.949269283,701,3.095059385,2812,12.41555919,13582,59.96732748,96,0.423859773,294,1.298070555,9,0.039736854,469,2.0707316,127,0.560731158,1180,3617,32.62372132,63.1,1065,4109,25.91871502,74,80.5,8064,42.82527881,10766,57.17472119,0,0,18830,6136,43.33945473,8022,56.66054527,0,0,14158,1612,6,48.05464805,1741,8,51.94535195,0,0,0,3367,GEDorHSDiplomaAccepted,Yes,3.61,40,Yes,898,49.09786769,931,50.90213231,3902,2765,1829,9.991805518,31,32,68,21,9248,25294,25294,385.5,1054.25,1054.25,102949902,33332065,13231,79.60411528,11129,10702,80.8857985,64.38842428,55.5,8651,2517,5737,52.32,25797,283,2571,16,7.25,1,Yes,0.44,0.12,0.13,20.3,14.1,0.38,0.2,0.14,5.33,291,43.9,8.6,0.39,0.61,45180,85.3,0.15,0.15
University of Mississippi,Mississippi,2022-2023,6879,551,9361,511,16240,7430,42.94301237,9872,57.05698763,0,0,17302,1445,451,2057,1045,1896,37.93517407,3102,62.06482593,0,0,4998,41.8206278,58.1793722,22300,262,1.174887892,846,3.793721973,1858,8.331838565,13472,60.41255605,58,0.260089686,348,1.560538117,13,0.058295964,429,1.923766816,16,0.071748879,876,3895,22.49037227,68,852,3904,21.82377049,68,89,8859,39.70687105,13449,60.27968267,3,0.013446282,22311,8617,39.66033046,13107,60.32586183,3,0.013807705,21727,1896,20,42.91153415,2533,16,57.08846585,0,0,0,4465,GEDorHSDiplomaAccepted,Yes,3.6,65,Yes,527,40.07604563,788,59.92395437,1878,1682,1315,7.600277425,48,31,69,20,9072,26292,26292,378,1095.5,1095.5,70315159,63087723,10153,62.51847291,6864,6314,62.18851571,38.87931034,74,11876,4277,12037,47,33582,135,24294,16,7.25,1,Yes,0.44,0.12,0.13,20.3,14.1,0.38,0.2,0.14,5.33,291,43.9,8.6,0.39,0.61,45180,85.3,0.15,0.15
University of Southern Mississippi,Mississippi,2022-2023,2936,681,5688,953,8624,3617,35.26028466,6641,64.73971534,0,0,10258,564,548,898,1258,1112,34.02692778,2156,65.97307222,0,0,3268,34.96229484,65.03770516,13526,190,1.404702055,427,3.15688304,2907,21.49194145,6111,45.179654,45,0.332692592,170,1.256838681,12,0.088718025,393,2.905515304,3,0.022179506,699,1553,45.00965873,50.45,1065,4109,25.91871502,74,67.55,3007,33.2522393,6036,66.7477607,0,0,9043,2954,33.02403577,5991,66.97596423,0,0,8945,531,14,33.5591133,1062,17,66.4408867,0,0,0,1624,GEDorHSDiplomaAccepted,Yes,3.43,40,Yes,465,34.64977645,877,65.35022355,1953,1919,1342,13.08247222,18,19,81,24,9340,11340,11340,385,385,385,44912011,35422313,7909,91.70918367,6390,4478,56.6190416,51.92486085,71.6,6887,1056,6842,65,23640,102,12184,15,7.25,1,Yes,0.44,0.12,0.13,20.3,14.1,0.38,0.2,0.14,5.33,291,43.9,8.6,0.39,0.61,45180,85.3,0.15,0.15
University of Missouri,Missouri,2022-2023,9981,865,12018,888,21999,10846,45.66352307,12906,54.33647693,0,0,23752,1764,1142,2494,2164,2906,38.40867037,4658,61.56489559,0,0,7566,43.91084999,56.08276391,31318,233,0.743981097,1285,4.103071716,1269,4.051982885,18447,58.90222875,32,0.102177661,645,2.059518488,29,0.092598506,1059,3.381441982,207,0.660961747,911,4672,19.49914384,75.3,1174,6035,19.45318973,72.5,88.6,8547,42.09722701,11756,57.90277299,0,0,20303,6583,40.9772798,9482,59.0227202,0,0,16065,2121,30,43.16676701,2807,25,56.83323299,0,0,0,4983,GEDorHSDiplomaAccepted,Yes,3.715,55,Yes,588,46.629659,673,53.370341,2815,1929,1261,5.309026608,20,28,72,20,13000,33200,33200,542,1384,1384,106699973,67935728,15881,72.18964498,10182,9482,59.7065676,43.10195918,66,11941,6906,7264,51,26732,0,0,18,11.15,1,Yes,0.35,0.1,0.11,31.1,18.4,0.36,0.23,0.12,4.57,543,33.6,6.2,0.13,0.84,54520,88.4,0.13,0.12
Montana State University,Montana,2022-2023,6648,1089,5824,974,12472,7737,52.88086939,6798,46.46298954,96,0.65614107,14631,259,612,361,806,871,42.34321828,1167,56.73310647,19,0.923675255,2057,51.58197507,47.728907,16688,198,1.186481304,821,4.91970278,57,0.3415628,12297,73.68767977,186,1.114573346,166,0.99472675,12,0.071907958,792,4.745925216,102,0.611217641,628,2858,21.97340798,56.73,1065,4109,25.91871502,74,75.2,12112,42.06431896,16567,57.53629228,115,0.399388762,28794,9601,45.46789165,11433,54.14377723,82,0.388331123,21116,1728,264,53.09168443,1519,227,46.53518124,12,2,0.373134328,3752,GEDorHSDiplomaAccepted,Yes,3.64,38,No,244,51.58562368,216,45.66596195,2185,1210,473,3.232861732,50.8,32.5,67.5,20.8,5824,27391,27931,243,1141,1141,21964454.66,6427743.18,7842,62.87684413,4375,3309,42.1958684,26.5314304,63,5863,1453,1895,45,24900,80,6158.77,19,9.2,0,No,0.31,0.08,0.08,15.4,27.5,0.31,0.23,0.09,4.51,470,36.8,4.8,0.01,0.85,52200,103.7,0.14,0.1
University of Montana,Montana,2022-2023,2439,600,3373,803,5812,3039,42.12058212,4176,57.87941788,0,0,7215,398,521,731,1090,919,33.54014599,1821,66.45985401,0,0,2740,39.75891512,60.24108488,9955,97,0.974384731,473,4.751381215,64,0.642893019,5359,53.8322451,269,2.702159719,101,1.014565545,6,0.06027122,609,6.11752888,237,2.380713209,345,1179,29.26208651,47.3,1065,4109,25.91871502,74,74,3768,42.13351224,5165,57.75466846,10,0.1118193,8943,3544,41.54747948,4979,58.37045721,7,0.082063306,8530,623,55,41.82603331,839,66,55.82973473,1,0,0.061690315,1621,GEDorHSDiplomaAccepted,No,3.37,30,No,278,42.31354642,379,57.68645358,1766,1379,657,9.106029106,36,63,37,22,7720,29622,29622,257.33,987.4,987.4,20372999,7294567,4277,73.58912595,3012,1698,39.70072481,29.21541638,46,4920,1312,5828,57,25880,1969,20323,17.4,9.2,0,No,0.31,0.08,0.08,15.4,27.5,0.31,0.23,0.09,4.51,470,36.8,4.8,0.01,0.85,52200,103.7,0.14,0.1
University of Nebraska-Lincoln,Nebraska,2022-2023,9016,600,9159,414,18175,9616,50.11204336,9573,49.88795664,0,0,19189,1293,959,1226,1136,2252,48.78682842,2362,51.16984402,2,0.043327556,4616,49.85507246,50.13652594,23805,709,2.97836589,1701,7.145557656,552,2.31884058,14579,61.24343625,37,0.155429532,727,3.053980256,13,0.054610376,684,2.873345936,187,0.785549254,1085,4307,25.19154864,65,1086,4109,26.42978827,66,81.7,8533,44.71050563,10552,55.28949437,0,0,19085,6585,43.85322323,8431,56.14677677,0,0,15016,2244,12,48.62068966,2372,12,51.37931034,0,0,0,4640,GEDorHSDiplomaAccepted,Yes,3.67,45,Yes,397,53.21715818,349,46.78284182,2064,1058,746,3.887643963,25,50,50,21,8040,25770,25770,268,859,859,87958781,56659617,17083,93.99174691,8415,7537,44.11988527,41.46905089,68,9406,2484,8635,54,24811,92,7151,16,9,0,No,0.32,0.07,0.09,11.4,15,0.35,0.18,0.08,4.32,334,25.5,5.4,0.06,0.87,55070,90.1,0.12,0.11
University of New Hampshire,New Hampshire,2022-2023,4847,157,6347,129,11194,5004,43.58885017,6476,56.41114983,0,0,11480,540,454,832,640,994,40.3081914,1472,59.6918086,0,0,2466,43.00874803,56.99125197,13946,138,0.989531048,454,3.255413739,94,0.674028395,9737,69.81930303,8,0.057364119,318,2.28022372,1,0.007170515,276,1.979062097,454,3.255413739,574,2820,20.35460993,78,708,3116,22.72143774,78,85.8,8814,41.93947469,12202,58.06052531,0,0,21016,7382,40.38072316,10899,59.61927684,0,0,18281,1266,2,43.09993202,1673,1,56.90006798,0,0,0,2942,GEDorHSDiplomaAccepted,Yes,3.58,50,Yes,176,48.08743169,190,51.91256831,1008,791,366,3.18815331,54,56,44,20,15520,35290,35290,645,1470,1470,104622879,15368998,9122,81.49008397,7033,6346,69.56807718,56.69108451,68,9560,2818,7444,74,44341,76,33912,16,7.25,0,No,0.3,0.08,0.07,28.9,16.7,0.33,0.23,0.1,4.08,146,20.5,3.4,0.02,0.92,62550,115,0.14,0.05
New Jersey Institute of Technology,New Jersey,2022-2023,5420,1131,1994,474,7414,6551,72.63554718,2468,27.36445282,0,0,9019,1522,739,713,339,2261,68.24630244,1052,31.75369756,0,0,3313,71.45637366,28.54362634,12332,577,4.678884204,2258,18.31008758,898,7.28186831,2847,23.0862796,10,0.081089848,1941,15.73953941,3,0.024326954,292,2.367823548,193,1.565034058,312,1036,30.11583012,73.71,1065,4109,25.91871502,74,89,8343,64.12759416,4667,35.87240584,0,0,13010,5159,60.09318579,3426,39.90681421,0,0,8585,1016,66,68.6984127,449,44,31.3015873,0,0,0,1575,GEDorHSDiplomaAccepted,Yes,3.75,75,Yes,486,77.26550079,143,22.73449921,2018,1227,629,6.97416565,4,24,79,22,15616,32528,32528,595,1392,1392,60009807,18326324,5880,79.30941462,4819,4819,81.95578231,64.9986512,51.4,13390,1084,14552,53,28089,290,20238,15,13,0,No,0.31,0.07,0.09,31.7,7.6,0.37,0.18,0.08,5.19,195,16.8,4,0.14,0.67,70890,114.1,0.19,0.08
Rutgers University - New Brunswick,New Jersey,2022-2023,17332,824,17335,853,34667,18156,49.95597623,18188,50.04402377,0,0,36344,3515,1683,5181,3914,5198,36.3674526,9095,63.6325474,0,0,14293,46.12042578,53.87957422,50637,2717,5.365641724,5472,10.80632739,2471,4.879830954,11772,23.24782274,29,0.057270375,11792,23.28731955,33,0.065169738,1302,2.571242372,756,1.492979442,1682,6241,26.95080917,84.4,1780,6387,27.86910913,83.8,92,19448,46.68939358,22206,53.31060642,0,0,41654,12593,45.60698247,15019,54.39301753,0,0,27612,3824,6,49.22879177,3945,5,50.77120823,0,0,0,7780,GEDorHSDiplomaAccepted,Yes,3.715,70,Yes,1030,48.08590103,1112,51.91409897,7273,4041,2142,5.893682589,7,40,60,21,13674,32436,32436,441,1054,1054,161945389,36672187,16488,47.56108114,15877,12682,76.91654537,36.58234055,15,12235,678,10324,47,26105,345,13317,15,13,0,No,0.31,0.07,0.09,31.7,7.6,0.37,0.18,0.08,5.19,195,16.8,4,0.14,0.67,70890,114.1,0.19,0.08
University of New Mexico,New Mexico,2022-2023,5072,1578,6921,2343,11993,6650,41.78710569,9264,58.21289431,0,0,15914,1287,1370,1778,1632,2657,43.79429702,3410,56.20570298,0,0,6067,42.34111278,57.65888722,21981,306,1.392111369,8018,36.47695737,486,2.211000409,4518,20.55411492,991,4.508439107,704,3.202766025,27,0.122833356,638,2.90250671,226,1.028160684,1461,3365,43.41753343,50.71,1065,4109,25.91871502,74,71.03,5757,42.095642,7897,57.74349225,22,0.16086575,13676,4603,41.41250562,6495,58.43454791,17,0.152946469,11115,1455,56,100,1939,59,132.2303111,0,0,0,1511,GEDorHSDiplomaAccepted,Yes,3.42,25,Yes,519,42.64585045,698,57.35414955,3076,2166,1217,7.647354531,15,7,93,23,10970,31415,31520,385,1137,1137,89985183,1009013,8863,73.90144251,6646,6398,72.18774681,53.34778621,63,9597,2762.5,6409,39.88,22375,0,0,17,11.5,0,No,0.33,0.07,0.09,38.3,24.7,0.36,0.2,0.1,5.43,778,35.3,5.7,0.03,0.77,54400,94.2,0.16,0.12
Binghamton University,New York,2022-2023,6645,188,7437,132,14082,6833,47.44479933,7569,52.55520067,0,0,14402,1295,695,1174,746,1990,50.89514066,1920,49.10485934,0,0,3910,48.18152031,51.81847969,18312,573,3.129095675,1892,10.33202272,670,3.658802971,7958,43.45784185,7,0.0382263,2481,13.54849279,1,0.0054609,543,2.965268676,277,1.512669288,584,2641,22.11283605,82.49,594,2593,22.90782877,83.81,90.7,18470,44.35425772,23172,55.64574228,0,0,41642,7382,42.46433502,10002,57.53566498,0,0,17384,1397,3,45.05954297,1706,1,54.94045703,0,0,0,3107,GEDorHSDiplomaAccepted,Yes,3.89,50,Yes,415,51.8102372,386,48.1897628,3738,1529,801,5.561727538,8,50,50,20,7070,24910,24910,295,1038,1038,66807667,12080386,10295,73.10751314,7077,6016,58.43613405,42.72120437,68,10848,799,8887,51,25975,154,4726,19,13.2,0,No,0.31,0.08,0.08,25.3,8.3,0.36,0.17,0.09,5.82,364,17.9,4.3,0.17,0.66,74870,125.1,0.2,0.1
Stony Brook University,New York,2022-2023,8018,592,8388,511,16406,8610,49.17471015,8899,50.82528985,0,0,17509,2769,802,2818,1812,3571,43.54347031,4630,56.45652969,0,0,8201,47.37845196,52.62154804,25710,1743,6.779463244,2557,9.94554648,1048,4.076234928,4782,18.59976663,12,0.046674446,5891,22.91326332,11,0.042784909,480,1.86697783,985,3.831194088,1013,2931,34.56158308,78,944,2836,33.28631876,78,87.83,18093,44.65973885,22420,55.34026115,0,0,40513,8324,41.81233675,11584,58.18766325,0,0,19908,1609,2,48.13265611,1733,3,51.86734389,0,0,0,3347,GEDorHSDiplomaAccepted,Yes,3.715,50,Yes,523,44.3596268,656,55.6403732,4643,2515,1179,6.733679822,7,50,50,20,7070,24990,24990,295,1041,1041,87516028,16087518,12292,74.92380836,9945,8735,71.06247966,53.24271608,62.5,9848,1849,5619,46,23899,250,5200,19,13.2,0,No,0.31,0.08,0.08,25.3,8.3,0.36,0.17,0.09,5.82,364,17.9,4.3,0.17,0.66,74870,125.1,0.2,0.1
"University at Albany, SUNY",New York,2022-2023,5240,364,6301,359,11541,5604,45.69471624,6660,54.30528376,0,0,12264,864,732,1355,1443,1596,36.32225762,2798,63.67774238,0,0,4394,43.22247569,56.77752431,16658,398,2.389242406,2275,13.65710169,2668,16.01632849,5028,30.18369552,35,0.210109257,1143,6.861568015,9,0.054028095,520,3.121623244,188,1.128586865,1224,2720,45,64.4,1053,2588,40.6877898,66.3,82.7,11141,42.79897046,14890,57.20102954,0,0,26031,7173,40.58963332,10499,59.41036668,0,0,17672,1111,3,42.02187854,1534,3,57.97812146,0,0,0,2651,GEDorHSDiplomaAccepted,Yes,3.715,50,Yes,445,51.68408827,416,48.31591173,2972,1770,861,7.020547945,4,51.8,45.2,21,7070,24910,24910,390,1133,1133,71139062,12004809,9624,83.38965428,7719,7282,75.66500416,63.09678537,55,9690,2051,3983,66,26652,213,7168,17.7,13.2,0,No,0.31,0.08,0.08,25.3,8.3,0.36,0.17,0.09,5.82,364,17.9,4.3,0.17,0.66,74870,125.1,0.2,0.1
University at Buffalo,New York,2022-2023,10369,762,8712,918,19081,11131,53.61495111,9630,46.38504889,0,0,20761,3559,1916,3786,2077,5475,48.28893985,5863,51.71106015,0,0,11338,51.73369887,48.26630113,32099,2624,8.174709493,1789,5.573382348,1807,5.629458862,9426,29.36540079,41,0.127729836,3605,11.23087947,13,0.040499704,610,1.900370728,846,2.635596124,1270,3929,32.3237465,73.5,1065,4109,25.91871502,74,84,14917,48.214228,16022,51.785772,0,0,30939,9773,46.65361848,11175,53.34638152,0,0,20948,2174,17,51.98102017,2013,11,48.01897983,0,0,0,4215,GEDorHSDiplomaAccepted,Yes,3.8,50,Yes,610,53.55575066,592,51.97541703,3470,2482,1139,5.486248254,3,30,70,21,7070,24990,24990,295,1041,1041,101313580,7573914,14385,75.38913055,10964,9531,66.25651721,49.95021225,51,8513,980,4097,58,37039,599,6381,12,13.2,0,No,0.31,0.08,0.08,25.3,8.3,0.36,0.17,0.09,5.82,364,17.9,4.3,0.17,0.66,74870,125.1,0.2,0.1
North Carolina State University,North Carolina,2022-2023,11905,1382,11923,1044,23828,13287,50.60943094,12967,49.39056906,0,0,26254,3062,2294,2947,2143,5356,51.27321463,5090,48.72678537,0,0,10446,50.79836512,49.20163488,36700,784,2.136239782,2086,5.683923706,1540,4.196185286,17505,47.69754768,93,0.253405995,2442,6.653950954,19,0.051771117,1202,3.27520436,583,1.588555858,779,4218,18.46846847,86,768,4212,18.23361823,85,93.79,17360,49.01185771,18060,50.98814229,0,0,35420,7343,44.09945349,9308,55.90054651,0,0,16651,2656,9,48.11337787,2867,7,51.88662213,0,0,0,5539,GEDorHSDiplomaAccepted,Yes,3.84,85,Yes,724,56.65101721,554,43.34898279,4443,1815,1278,4.867829664,10,36,79,20,6535,29406,29406,272.29,1178.17,1178.17,109666706,23544067,16348,68.60835991,10126,9663,59.10814779,40.55313077,76.2,10883,1744,5032,47,24042,162,19029,16,7.25,1,Yes,0.35,0.1,0.11,29.8,13.6,0.37,0.21,0.11,4.84,419,27.3,6.8,0.22,0.68,56220,96.1,0.14,0.11
University of North Carolina at Chapel Hill,North Carolina,2022-2023,7626,406,11731,447,19357,8032,39.74270163,12178,60.25729837,0,0,20210,2713,1975,4438,2613,4688,39.93525854,7051,60.06474146,0,0,11739,39.81345269,60.18654731,31949,1253,3.921875489,1918,6.003317788,1669,5.223950671,10990,34.39857273,62,0.194059282,2788,8.726407712,10,0.031299884,1023,3.201978153,497,1.555604244,808,4224,19.12878788,91.3,855,4073,20.99189786,91.9,95.9,23862,41.70147324,33359,58.29852676,0,0,57221,3863,40.07261411,5777,59.92738589,0,0,9640,1673,6,37.85794814,2752,4,62.14205186,0,0,0,4435,HSDNoGED,Yes,4.47,85,Yes,444,49.16943522,459,50.83056478,3645,1535,903,4.468085106,14,44,56,20,7020,37360,37360,293,1557,1557,121094542,21819005,10873,56.17089425,7521,6900,63.45994666,35.64601953,100,17336,1357,6111,33,20680,0,0,15,7.25,1,Yes,0.35,0.1,0.11,29.8,13.6,0.37,0.21,0.11,4.84,419,27.3,6.8,0.22,0.68,56220,96.1,0.14,0.11
North Dakota State University,North Dakota,2022-2023,4496,480,4451,669,8947,4976,49.28684628,5120,50.71315372,0,0,10096,444,587,518,597,1031,48.04287046,1115,51.95712954,0,0,2146,49.06877961,50.93122039,12242,93,0.759679791,322,2.630289168,324,2.646626368,8657,70.71556935,50,0.408429995,146,1.192615586,4,0.0326744,413,3.37363176,87,0.710668191,497,2471,20.11331445,63.17,546,2529,21.58956109,64.87,75.22,3659,42.8705331,4876,57.1294669,0,0,8535,3471,42.50551065,4695,57.49448935,0,0,8166,1177,13,47.35376045,1308,15,52.64623955,0,0,0,2513,GEDorHSDiplomaAccepted,No,3.51,0,Yes,264,48.61878453,279,51.38121547,1031,993,543,5.37836767,59,37,63,21,10970,31415,31520,385,1137,1137,20991910,6687508,7049,78.78618531,4053,3405,48.30472407,38.05744942,47.3,6407,1094,2403,67,33491,56,7581,16,7.25,1,Yes,0.31,0.08,0.07,14.7,18,0.34,0.2,0.09,4.58,329,25.9,6.5,0.04,0.86,55800,94.6,0.1,0.08
Kent State University,Ohio,2022-2023,6672,1051,11151,1544,17823,7723,37.82446861,12695,62.17553139,0,0,20418,1165,660,1828,1783,1825,33.57247976,3611,66.42752024,0,0,5436,36.93045564,63.06954436,25854,642,2.483174751,856,3.310899667,1799,6.958304324,15347,59.36025373,31,0.119904077,466,1.802429025,13,0.050282355,795,3.074959387,469,1.814032645,1403,4333,32.3794138,65.9,1065,4109,25.91871502,74,78.48,7748,38.0381953,12621,61.9618047,0,0,20369,6629,36.97361816,11300,63.02638184,0,0,17929,1539,16,36.32328895,2712,14,63.67671105,0,0,0,4281,GEDorHSDiplomaAccepted,Yes,3.65,50,Yes,371,44.43113772,464,55.56886228,1810,1574,835,4.089528847,15.8,29.6,70.4,21,10970,31415,31520,385,1137,1137,93755673,30760180,13585,76.22173596,10052,9098,66.97092381,51.04640072,64.8,10009,4658,5319,69,30770,243,10247,19,9.3,1,Yes,0.36,0.1,0.08,45.4,14.1,0.36,0.22,0.13,4.69,309,27.6,6.9,0.14,0.83,56530,94,0.13,0.11
Ohio State University,Ohio,2022-2023,21554,2127,21503,1922,43057,23681,50.27172759,23425,49.72827241,0,0,47106,4109,1949,6052,2461,6058,41.57573262,8513,58.42426738,0,0,14571,48.21732575,51.78267425,61677,3161,5.125087148,2451,3.973928693,3603,5.841723819,30309,49.14149521,31,0.050261848,4074,6.605379639,26,0.042155098,2040,3.307553869,1411,2.28772476,1206,7023,17.17214865,88,1065,4109,25.91871502,74,93.9,27987,48.1041595,30193,51.8958405,0,0,58180,15518,46.64402296,17751,53.35597704,0,0,33269,3873,16,46.17119791,4525,9,53.82880209,0,0,0,8423,GEDorHSDiplomaAccepted,Yes,3.715,60,Yes,1088,52.56038647,982,47.43961353,3853,3450,2070,4.394344669,20,32,68,21,11936,36173,39101,385,1137,1137,211374563,94451679,28793,66.87182107,18582,16080,55.84690723,37.34584388,72,13137,9633,7124,46,26772,20,1665,18,9.3,1,Yes,0.36,0.1,0.08,45.4,14.1,0.36,0.22,0.13,4.69,309,27.6,6.9,0.14,0.83,56530,94,0.13,0.11
Ohio University,Ohio,2022-2023,6280,733,8367,2480,14647,7013,39.26651736,10847,60.73348264,0,0,17860,1349,1142,1802,1740,2491,41.28957401,3542,58.71042599,0,0,6033,39.77734064,60.22265936,23893,210,0.878918512,794,3.323149039,974,4.076507764,14462,60.52818817,15,0.062779894,292,1.222115264,11,0.046038589,647,2.707906081,375,1.569497342,1182,4284,27.59103641,64.7,1152,4411,26.11652686,66.8,79,10093,40.40755865,14885,59.59244135,0,0,24978,8529,39.46783896,13081,60.53216104,0,0,21610,1824,2,41.11686557,2606,9,58.88313443,0,0,0,4441,GEDorHSDiplomaAccepted,Yes,3.745,50,Yes,157,50.64516129,153,49.35483871,994,675,310,1.735722284,13,49,51,20,10970,31415,31520,385,1137,1137,85222563,13817693,10719,73.18222162,7300,6332,59.07267469,43.23069571,60.5,8869,1411,6021,64.38,28635,128,5936,18,9.3,1,Yes,0.36,0.1,0.08,45.4,14.1,0.36,0.22,0.13,4.69,309,27.6,6.9,0.14,0.83,56530,94,0.13,0.11
University of Cincinnati,Ohio,2022-2023,12893,1888,12468,2734,25361,14781,49.28807229,15202,50.69192037,6,0.020007336,29989,2729,1677,3400,3655,4406,38.27310632,7055,61.28387769,51,0.443015983,11512,46.2326209,53.63003301,41501,1430,3.445700104,1254,3.021613937,2265,5.457699814,21451,51.68791113,41,0.0987928,1589,3.828823402,15,0.036143707,1312,3.161369606,632,1.522854871,990,4974,19.90349819,72.1,981,4393,22.33098111,73,86.2,13240,45.61742007,15784,54.38257993,0,0,29024,11523,46.04963434,13500,53.95036566,0,0,25023,3144,33,49.88224211,3139,53,50.11775789,0,0,0,6369,GEDorHSDiplomaAccepted,Yes,3.74,50,Yes,503,37.34224202,844,62.65775798,4820,2533,1347,4.491646937,19,25,75,21,10970,31415,31520,385,1137,1137,74457638,37092895,15996,63.07322266,10193,8082,50.52513128,31.86782856,46,8693,5308,6182,56.8,24936,765,13211,18,9.3,1,Yes,0.36,0.1,0.08,45.4,14.1,0.36,0.22,0.13,4.69,309,27.6,6.9,0.14,0.83,56530,94,0.13,0.11
Oklahoma State University Stillwater,Oklahoma,2022-2023,8742,1239,9470,1350,18212,9981,47.98327004,10820,52.01672996,0,0,20801,779,1456,1112,1211,2235,49.03466433,2323,50.96533567,0,0,4558,48.17224654,51.82775346,25359,437,1.723254072,1908,7.523955992,868,3.422847904,13921,54.89569778,966,3.809298474,430,1.695650459,15,0.059150597,2238,8.825269135,18,0.070980717,1004,3920,25.6122449,65,1090,3940,27.66497462,65.66,84,8134,42.54851703,10982,57.44625203,1,0.005230946,19117,5986,44.33088943,7517,55.66911057,0,0,13503,2059,138,47.31854404,2268,178,52.68145596,0,0,0,4643,GEDorHSDiplomaAccepted,Yes,3.61,40,Yes,777,47.90382244,845,52.09617756,4344,2506,1622,7.797702034,28.49,43.92,56.08,21,5416.5,20937,20937,180.55,697.9,697.9,64006908.35,14287623.83,12580,69.07533494,8988,7105,56.47853736,39.01273885,67.2,8338,5936,6643,49,25642,194,8333,18,7.25,1,Yes,0.39,0.11,0.14,19.8,22.2,0.38,0.24,0.12,4.7,459,33,7,0.09,0.77,50940,86,0.12,0.14
University of Oklahoma,Oklahoma,2022-2023,9009,1328,9590,1367,18599,10337,48.54419085,10957,51.45580915,0,0,21294,1599,1362,2241,1824,2961,42.14346712,4065,57.85653288,0,0,7026,46.95621469,53.04378531,28320,744,2.627118644,2821,9.961158192,999,3.527542373,12168,42.96610169,690,2.436440678,1513,5.342514124,19,0.067090395,2078,7.337570621,262,0.925141243,706,3670,19.23705722,75.8,1065,4109,25.91871502,74,88,9427,43.7488398,12121,56.2511602,0,0,21548,6734,42.8589613,8978,57.1410387,0,0,15712,1830,221,43.79671151,2262,370,56.20328849,0,0,0,4683,GEDorHSDiplomaAccepted,Yes,3.67,40,Yes,601,52.03463203,554,47.96536797,3041,2039,1155,5.424063116,39,32,68,21,5070,22140,22140,169,738,738,61993318,11172106,11613,62.4388408,8349,3567,30.71557737,19.17845045,84.3,3596,1966,3119,45,31768,9,4842,16.4,7.25,1,Yes,0.39,0.11,0.14,19.8,22.2,0.38,0.24,0.12,4.7,459,33,7,0.09,0.77,50940,86,0.12,0.14
Oregon State University,Oregon,2022-2023,10186,4630,9659,4430,19845,14816,51.25756789,14089,48.74243211,0,0,28905,1634,873,1710,1170,2507,46.53796176,2880,53.46203824,0,0,5387,50.51615537,49.48384463,34292,1193,3.478945527,3534,10.30561064,512,1.493059606,18229,53.158171,162,0.472413391,2454,7.156188032,85,0.247871224,2041,5.951825499,695,2.02671177,895,3523,25.40448481,70,1090,3339,32.64450434,68.2,86.8,11800,46.00210518,13851,53.99789482,0,0,25651,9486,44.81080826,11683,55.18919174,0,0,21169,2029,206,49.52359849,2036,242,50.47640151,0,0,0,4513,GEDorHSDiplomaAccepted,Yes,3.64,65,No,1036,44.92627927,1270,55.07372073,5163,4250,2306,7.977858502,43,18,82,24,11145,33315,33315,241,718,718,90216780,21705992,13586,68.46056941,9348,8378,61.66642132,42.21718317,50.6,10188,5941,6845,50,26049,0,0,19,13.5,1,Yes,0.31,0.08,0.08,18.6,19.2,0.33,0.25,0.11,4.58,292,22.4,4.5,0.03,0.87,62680,115.1,0.16,0.1
University of Oregon,Oregon,2022-2023,8014,687,10114,679,18128,8701,44.47227191,10793,55.16483516,71,0.362892921,19565,1438,118,1791,228,1556,43.24624792,2019,56.11450806,23,0.639244024,3598,44.28182878,55.3123516,23163,459,1.9816086,2987,12.8955662,493,2.128394422,12010,51.84993308,77,0.332426715,1286,5.551957864,83,0.358330095,1771,7.645814445,277,1.195872728,998,3942,25.31709792,73.4,998,4047,24.66024215,74.4,85.6,15280,41.1261237,21840,58.78236529,34,0.091511008,37154,12830,40.0174667,19216,59.93574748,15,0.046785815,32061,2259,40,43.27122153,2962,43,56.55938265,9,0,0.169395822,5313,GEDorHSDiplomaAccepted,Yes,3.76,65,Yes,480,46.73807205,535,52.09347614,3016,2075,1027,5.249169435,49,29,71,21,12240,38683,38683,272,860,860,73444613,16068334,11002,60.69064431,7552,6352,57.73495728,35.03971756,51,11207,2201,6725,42,24823,46,17066,19,13.5,1,Yes,0.31,0.08,0.08,18.6,19.2,0.33,0.25,0.11,4.58,292,22.4,4.5,0.03,0.87,62680,115.1,0.16,0.1
Pennsylvania State University,Pennsylvania,2022-2023,21315,810,19070,399,40385,22125,53.00035932,19469,46.63792071,542,1.298359085,41745,3483,224,3019,273,3707,52.80626781,3292,46.89458689,172,2.45014245,7020,52.97241874,46.67486927,48765,4599,9.430944325,3481,7.138316415,1856,3.806008408,26196,53.71885574,45,0.092279299,2924,5.996103763,32,0.065620835,1503,3.082128576,1109,2.27417205,1115,8444,13.20464235,84.64,916,7599,12.05421766,85.43,91,39364,45.88734496,46114,53.75594516,306,0.356709876,85784,20723,43.75633446,26476,55.90371622,161,0.339949324,47360,4668,21,50.87890625,4771,14,51.92057292,42,0,0.455729167,9216,GEDorHSDiplomaAccepted,Yes,3.68,65,Yes,234,54.16666667,188,43.51851852,1696,962,432,1.034854474,42.7,34,66,19,18286,38102,38102,804,1588,1588,135714278,55045936,24347,60.28723536,15926,7388,30.34460098,18.29392101,62.4,8234,3928,5420,53.05,44008,0,0,14.77,7.25,1,Yes,0.34,0.1,0.07,41,13.1,0.35,0.19,0.11,4.9,390,24.2,5.9,0.13,0.81,58470,99,0.14,0.09
Temple University,Pennsylvania,2022-2023,9580,1095,12446,985,22026,10675,44.28358085,13431,55.71641915,0,0,24106,2871,770,4011,1472,3641,39.9057431,5483,60.0942569,0,0,9124,43.08155281,56.91844719,33230,858,2.582004213,2203,6.62955161,3824,11.50767379,11951,35.96448992,37,0.11134517,3353,10.09027987,15,0.045139934,1038,3.123683419,827,2.488715017,1403,5143,27.27979778,78,1065,4109,25.91871502,74,84,15129,39.12739875,23537,60.87260125,0,0,38666,11880,38.55015089,18937,61.44984911,0,0,30817,1955,27,42.49571184,2659,23,57.50428816,0,0,0,4664,GEDorHSDiplomaAccepted,Yes,3.42,55,Yes,600,48.74086109,631,51.25913891,3052,2373,1231,5.106612462,26,19,81,21,10970,31415,31520,385,1137,1137,183721334,38103843,19359,87.89158268,15696,15149,78.25300894,68.77780805,62.4,11027,3907,7169,74,39869,409,13935,12,7.25,1,Yes,0.34,0.1,0.07,41,13.1,0.35,0.19,0.11,4.9,390,24.2,5.9,0.13,0.81,58470,99,0.14,0.09
University of Pittsburgh,Pennsylvania,2022-2023,8126,354,11108,340,19234,8480,42.55319149,11448,57.44680851,0,0,19928,3021,691,4316,1222,3712,40.12972973,5538,59.87027027,0,0,9250,41.78490644,58.21509356,29178,921,3.156487765,1359,4.657618754,1078,3.694564398,12420,42.56631709,6,0.020563438,2802,9.603125643,2,0.006854479,915,3.135924327,300,1.02817191,515,3951,13.03467477,83.7,510,4010,12.71820449,84.3,92.6,22670,42.71555623,30402,57.28444377,0,0,53072,10295,39.47620691,15784,60.52379309,0,0,26079,1587,0,36.15034169,2799,4,63.84965831,0,0,0,4390,GEDorHSDiplomaAccepted,Yes,4.16,55,Yes,352,53.33333333,308,46.66666667,2757,1268,660,3.311922923,36,42,58,20,20154,38520,38520,839,1605,1605,103001531,33060418,13235,68.81043985,9056,7351,55.54212316,38.21877925,55.8,14700,1046,9233,58.6,38460,0,0,13,7.25,1,Yes,0.34,0.1,0.07,41,13.1,0.35,0.19,0.11,4.9,390,24.2,5.9,0.13,0.81,58470,99,0.14,0.09
Clemson University,South Carolina,2022-2023,10236,481,11505,344,21741,10717,47.49180183,11849,52.50819817,0,0,22566,1867,970,1426,1637,2837,48.08474576,3063,51.91525424,0,0,5900,47.61469824,52.38530176,28466,174,0.611255533,1773,6.228483103,1223,4.296353545,17385,61.07285885,54,0.189699993,662,2.325581395,24,0.084311108,887,3.115998033,384,1.348977728,563,3681,15.29475686,85.32,532,3439,15.46961326,85.47,92.4,20644,39.08442038,32170,60.90611333,0,0,52819,8497,37.42512333,14207,62.57487667,0,0,22704,1907,5,41.673932,2668,8,58.326068,0,0,0,4588,GEDorHSDiplomaAccepted,Yes,4,70,Yes,881,54.31565968,741,45.68434032,4234,2466,1622,7.187804662,40,41,59,20,13758,37302,37302,644,1685,1685,85066792,62276160,13681,62.92718826,8539,7095,51.86024413,32.63419346,47,11196,4865,4708,46,34307,0,0,16,7.25,1,Yes,0.38,0.09,0.12,34,16.6,0.38,0.2,0.12,4.82,531,34.1,7,0.26,0.66,50650,96.5,0.14,0.13
University of South Carolina,South Carolina,2022-2023,11394,581,14848,520,26242,11975,43.79548696,15368,56.20451304,0,0,27343,2345,750,3354,1861,3095,37.244284,5215,62.755716,0,0,8310,42.2685328,57.7314672,35653,742,2.08117129,1570,4.403556503,2511,7.042885592,19871,55.7344403,37,0.103778083,1151,3.228339831,21,0.058901074,1138,3.191877261,302,0.847053544,788,5105,15.43584721,78,889,5157,17.23870467,78,90,16818,39.86441642,25370,60.13558358,0,0,42188,9970,36.89586263,17052,63.10413737,0,0,27022,2586,5,39.45485001,3981,2,60.65174357,0,0,0,6567,GEDorHSDiplomaAccepted,Yes,3.66,65,Yes,653,49.4322483,668,50.5677517,2990,1981,1321,4.831218228,38,31,69,21,12288,34534,34534,512,1439,1439,104257972,73511573,17752,67.64728298,11544,5804,32.69490762,22.11721668,71,7467,11002,7031,53,31695,344,3581,18,7.25,1,Yes,0.38,0.09,0.12,34,16.6,0.38,0.2,0.12,4.82,531,34.1,7,0.26,0.66,50650,96.5,0.14,0.13
University of Memphis,Tennessee,2022-2023,4383,2170,6571,3584,10954,6553,39.22073258,10155,60.77926742,0,0,16708,1332,862,1357,1658,2194,42.11940872,3015,57.88059128,0,0,5209,39.90965917,60.09034083,21917,211,0.962723,1555,7.094949126,6251,28.52123922,6910,31.5280376,39,0.177944062,824,3.759638637,2,0.009125336,666,3.038737053,250,1.140667062,1403,2647,53.00340008,48,1065,4109,25.91871502,74,74.7,5713,36.23390626,10043,63.69632777,0,0,15767,5327,35.71332797,9578,64.21292572,0,0,14916,963,43,41.67357084,1358,49,58.28500414,0,0,0,2414,GEDorHSDiplomaAccepted,Yes,3.44,25,Yes,406,36.25,713,63.66071429,2204,2037,1120,6.703375628,17,18,82,24,10970,31415,31520,385,1137,1137,55310817,45054318,9901,90.38707322,7678,5669,57.25684274,51.75278437,56,7714,1981,6571,60,29939,186,14512,17,7.25,1,Yes,0.38,0.12,0.12,44.1,17.7,0.38,0.25,0.14,4.68,673,33.7,6.9,0.17,0.75,52820,90.4,0.14,0.11
University of Tennessee,Tennessee,2022-2023,11690,641,14135,573,25825,12331,45.60449721,14708,54.39550279,0,0,27039,1693,1245,2295,1533,2938,43.42299734,3828,56.57700266,0,0,6766,45.16787457,54.83212543,33805,216,0.638958734,1596,4.721195089,1224,3.620766159,21336,63.11492383,34,0.100576838,1017,3.008430706,0,0,1318,3.898831534,298,0.881526401,1282,4840,26.48760331,72.58,1303,4700,27.72340426,72.15,88.6,13857,38.18407275,22433,61.81592725,0,0,36290,9181,36.98139048,15645,63.01860952,0,0,24826,2853,7,41.77621969,3975,11,58.22378031,0,0,0,6846,GEDorHSDiplomaAccepted,Yes,4.07,50,Yes,849,52.53712871,767,47.46287129,4254,3058,1616,5.976552387,32,31,69,21,11332,29522,29522,378,1137,1137,220319157,32866551,20410,79.03194579,10259,9131,44.73787359,35.357212,52.32,11336,6221,6174,48.5,27949,53,8722,18,7.25,1,Yes,0.38,0.12,0.12,44.1,17.7,0.38,0.25,0.14,4.68,673,33.7,6.9,0.17,0.75,52820,90.4,0.14,0.11
Texas A&M University,Texas,2022-2023,26968,3707,24179,2658,51147,30675,53.33669495,26837,46.66330505,0,0,57512,6866,1839,5821,1976,8705,52.75118167,7797,47.24881833,0,0,16502,53.20615019,46.79384981,74014,689,0.930904964,14637,19.77598833,1333,1.80101062,31836,43.01348394,127,0.171589159,6526,8.81725079,24,0.032426298,2145,2.898100359,195,0.263463669,1839,8955,20.5360134,83.54,2142,9028,23.7261852,83.36,94.55,22007,50.6816821,21415,49.3183179,0,0,43422,14043,51.62298276,13160,48.37701724,0,0,27203,6115,603,53.78702962,5267,505,46.21297038,0,0,0,12490,GEDorHSDiplomaAccepted,Yes,3.715,75,Yes,1323,52.75119617,1185,47.24880383,5207,2699,2508,4.360829044,4,22,78,20,8443,36637,36637,385,1137,1137,210178834,62804954,31762,62.09943887,20462,18356,57.79233046,35.88871293,67,12155,6716,5564,39.05,24633,191,31634,19,7.25,1,Yes,0.32,0.07,0.16,14.3,13.7,0.36,0.19,0.09,4.88,447,26.9,5.5,0.13,0.71,57300,93,0.14,0.13
Texas Tech University,Texas,2022-2023,14731,1817,14402,1629,29133,16548,50.79345591,16031,49.20654409,0,0,32579,2465,987,2531,1816,3452,44.26208488,4347,55.73791512,0,0,7799,49.53192332,50.46807668,40378,552,1.367081084,9457,23.42116994,1966,4.868988063,17704,43.84565853,108,0.267472386,1022,2.531081282,22,0.054485116,1368,3.387983555,380,0.941106543,1140,4690,24.30703625,63.7,1173,5079,23.09509746,63,85.7,16632,46.98305085,18768,53.01694915,0,0,35400,11179,46.89768008,12658,53.10231992,0,0,23837,3239,66,48.53869878,3449,55,51.46130122,0,0,0,6809,GEDorHSDiplomaAccepted,Yes,3.62,75,Yes,1081,48.08718861,1167,51.91281139,4669,3542,2248,6.900150404,7.2,23.3,76.7,21,8934,21174,21174,298,706,706,122463488,32866551,20402,70.03054955,13745,11875,58.20507793,40.76133594,57,10017,6142,4303,49,31640,398,6728,21,7.25,1,Yes,0.32,0.07,0.16,14.3,13.7,0.36,0.19,0.09,4.88,447,26.9,5.5,0.13,0.71,57300,93,0.14,0.13
University of Houston,Texas,2022-2023,12716,5574,14604,5049,27320,18290,48.20388477,19653,51.79611523,0,0,37943,2871,1198,3214,1474,4069,46.4656846,4688,53.5343154,0,0,8757,47.87794433,52.12205567,46700,1784,3.82012848,14012,30.00428266,4206,9.006423983,7076,15.15203426,42,0.08993576,9090,19.46466809,30,0.064239829,1189,2.546038544,514,1.100642398,1427,4263,33.47407929,63.1,1493,4010,37.2319202,62,85,12623,42.38323876,17160,57.61676124,0,0,29783,8096,41.03811841,11632,58.96188159,0,0,19728,2195,190,42.93429343,2907,263,57.06570657,0,0,0,5555,GEDorHSDiplomaAccepted,Yes,3.49,75,Yes,2209,48.77456392,2320,51.22543608,8497,7495,4529,11.93632554,2,18,82,22,10856,26096,26096,362,870,870,165580574,14485637,20131,73.68594436,17011,15005,74.53678406,54.92313324,65.6,10122,907,4398,42.76,21553,477,3352,21,7.25,1,Yes,0.32,0.07,0.16,14.3,13.7,0.36,0.19,0.09,4.88,447,26.9,5.5,0.13,0.71,57300,93,0.14,0.13
University of North Texas,Texas,2022-2023,11756,3374,14248,3646,26004,15130,45.81516473,17894,54.18483527,0,0,33024,3927,1486,3741,2527,5413,46.3402106,6268,53.6597894,0,0,11681,45.95235432,54.04764568,44705,1445,3.232300638,9488,21.22357678,5013,11.21351079,12602,28.18924058,90,0.201319763,2560,5.726428811,37,0.082764791,1453,3.250195728,336,0.751593781,1774,4559,38.91204211,58.89,1065,4109,25.91871502,74,77.93,14182,43.33822271,18541,56.65872143,0,0,32724,10804,41.97032088,14937,58.02579442,0,0,25742,2703,191,43.68961353,3525,205,56.31038647,0,0,0,6624,GEDorHSDiplomaAccepted,Yes,3.715,75,Yes,1720,45.85443882,2031,54.14556118,7500,5793,3751,11.35840601,5.1,19.5,80.5,22,8295,18087,18087,385,1137,1137,183881461,13907414,19304,74.23473312,15073,11317,58.62515541,43.52022766,62,9559,3636,6739,49,22068,368,4664,26,7.25,1,Yes,0.32,0.07,0.16,14.3,13.7,0.36,0.19,0.09,4.88,447,26.9,5.5,0.13,0.71,57300,93,0.14,0.13
University of Texas at Austin,Texas,2022-2023,16248,1362,22343,1356,38591,17610,42.62993537,23699,57.37006463,0,0,41309,5124,360,5149,442,5484,49.51693002,5591,50.48306998,0,0,11075,44.08598045,55.91401955,52384,1915,3.655696396,11538,22.02580941,1861,3.552611484,13732,26.21411118,43,0.082086133,10039,19.16424863,22,0.041997557,1638,3.12690898,521,0.994578497,1956,8570,22.82380397,87.8,1803,7566,23.83029342,87.7,95.3,28507,47.69688959,31260,52.30311041,0,0,59767,7598,40.47948855,11172,59.52051145,0,0,18770,3570,51,39.75189373,5409,79,60.24810627,0,0,0,9109,GEDorHSDiplomaAccepted,Yes,3.715,75,Yes,786,45.19838988,953,54.80161012,6961,2358,1739,4.209736377,5,17.6,82.4,20,11698,41070,41070,385,1137,1137,225308443,24807954,24323,63.02764893,17117,16236,66.75163426,42.0719857,77.2,13616,1964,4152,41,21809,125,8092,18,7.25,1,Yes,0.32,0.07,0.16,14.3,13.7,0.36,0.19,0.09,4.88,447,26.9,5.5,0.13,0.71,57300,93,0.14,0.13
University of Texas at Dallas,Texas,2022-2023,10006,2190,7963,1458,17969,12196,56.41855947,9421,43.58144053,0,0,21617,4191,1454,3147,1161,5645,56.71656787,4308,43.28343213,0,0,9953,56.51251188,43.48748812,31570,895,2.834969908,3849,12.19195439,1185,3.75356351,5241,16.60120367,21,0.066518847,8933,28.29585049,12,0.03801077,862,2.730440291,619,1.960722205,912,3137,29.07236213,73.92,813,2656,30.60993976,73.62,87.27,10818,50.31627907,10682,49.68372093,0,0,21500,8963,49.19319429,9257,50.80680571,0,0,18220,2113,179,54.33854908,1820,106,45.66145092,0,0,0,4218,GEDorHSDiplomaAccepted,Yes,3.715,50,Yes,922,55.54216867,738,44.45783133,3705,3016,1660,7.679141416,6,23,77,21,16412,44812,44812,385,1137,1137,135403419,15184213,11159,62.10139685,8472,7594,68.05269289,42.26167288,63,11149,4495,11673,29,23403,411,8890,25,7.25,1,Yes,0.32,0.07,0.16,14.3,13.7,0.36,0.19,0.09,4.88,447,26.9,5.5,0.13,0.71,57300,93,0.14,0.13
University of Texas at El Paso,Texas,2022-2023,6054,2982,7629,3500,13683,9036,44.8103149,11129,55.1896851,0,0,20165,666,897,805,1347,1563,42.07267833,2152,57.92732167,0,0,3715,44.38442211,55.61557789,23880,748,3.132328308,17697,74.1080402,365,1.528475712,825,3.454773869,35,0.146566164,120,0.502512563,18,0.075376884,157,0.657453936,200,0.837520938,1873,3004,62.35019973,47.3,1889,2950,64.03389831,45.4,75.3,4509,44.41051906,5644,55.58948094,0,0,10153,4908,46.77403984,5585,53.22596016,0,0,10493,1391,371,46.74980101,1571,436,53.25019899,0,0,0,3769,GEDorHSDiplomaAccepted,Yes,3.28,0,Yes,643,44.74599861,794,55.25400139,2412,2258,1437,7.126208778,3,29,71,22,7704,23112,23112,257,770,770,104250522,304869,12423,90.79149309,10717,9525,76.67230138,69.61192721,77,7518,849,4454,54.91,22065,283,13890,19,7.25,1,Yes,0.32,0.07,0.16,14.3,13.7,0.36,0.19,0.09,4.88,447,26.9,5.5,0.13,0.71,57300,93,0.14,0.13
Univeristy of Texas at San Antonio,Texas,2022-2023,10101,4074,11623,3856,21724,14175,47.80130842,15479,52.19869158,0,0,29654,981,1140,1115,1454,2121,45.2238806,2569,54.7761194,0,0,4690,47.44933613,52.55066387,34344,400,1.164686699,17962,52.30025623,2402,6.993943629,5842,17.01024924,35,0.101910086,1671,4.865478686,47,0.136850687,1017,2.961215933,278,0.809457256,1932,4306,44.86762657,53.51,1065,4109,25.91871502,74,80,9562,41.04743507,13733,58.95256493,0,0,23295,7979,39.41609445,12264,60.58390555,0,0,20243,2009,501,44.10472676,2606,575,55.89527324,0,0,0,5691,GEDorHSDiplomaAccepted,Yes,3.715,70,Yes,1476,50.59993144,1441,49.40006856,4655,4181,2917,9.836784245,2,11,89,22,7439,23657,23657,247.95,788.55,788.55,127635476,6887743,17610,81.06241944,14284,12950,73.53776263,59.6114896,54,8388,1569,3013,60,21397,335,5446,26,7.25,1,Yes,0.32,0.07,0.16,14.3,13.7,0.36,0.19,0.09,4.88,447,26.9,5.5,0.13,0.71,57300,93,0.14,0.13
University of Utah,Utah,2022-2023,11035,2570,10256,2494,21291,13605,51.6220831,12750,48.3779169,0,0,26355,3251,815,3528,785,4066,48.5260771,4313,51.4739229,0,0,8379,50.87522312,49.12477688,34734,1603,4.615074567,3626,10.43933898,381,1.096907929,16470,47.41751598,94,0.270628203,2046,5.890481949,119,0.342603789,1542,4.439454137,474,1.364657108,736,3319,22.17535402,65,756,3086,24.49773169,67,85,10629,50.44134396,10443,49.55865604,0,0,21072,9265,49.33177147,9516,50.66822853,0,0,18781,2633,108,49.6557971,2661,118,50.3442029,0,0,0,5520,GEDorHSDiplomaAccepted,Yes,3.66,55,Yes,730,49.5923913,742,50.4076087,3449,3038,1472,5.585277936,33,16,84,21,9103,31861,31861,256,879,879,32707429,62152890,11491,53.97116152,7907,6670,58.04542686,31.32779109,56,9519,5028,7643,33.22,20236,267,12100,18,7.25,1,Yes,0.27,0.06,0.11,20.5,21.3,0.32,0.25,0.07,3.84,261,24.5,5.4,0.02,0.82,57360,101.5,0.12,0.11
George Mason University,Virginia,2022-2023,10848,2926,10663,2577,21511,13774,50.9883764,13240,49.0116236,0,0,27014,2617,2348,2934,4136,4965,41.25467387,7070,58.74532613,0,0,12035,47.9884248,52.0115752,39049,1471,3.767061897,4572,11.70836641,3215,8.23324541,9217,23.60367743,29,0.074265666,6193,15.85956106,29,0.074265666,1427,3.654382955,864,2.212604676,868,3154,27.52060875,70,874,3175,27.52755906,71,85.2,9248,46.23768812,10753,53.76231188,0,0,20001,8147,45.25859674,9854,54.74140326,0,0,18001,2061,85,51.81071946,1944,52,48.18928054,0,0,0,4142,GEDorHSDiplomaAccepted,Yes,3.69,55,Yes,1350,48.75406284,1419,51.24593716,4529,3971,2769,10.25024062,10,21,79,22,9795,33959,33959,396,1374,1374,91503631,37814062,14466,67.2493143,11418,10329,71.40190792,48.01729348,56.7,7924,2490,6787,53,31190,550,10450,16,11,0,No,0.34,0.08,0.08,25.7,14,0.39,0.2,0.1,4.99,209,23.8,5.7,0.21,0.69,65590,103.1,0.13,0.08
Old Dominion University,Virginia,2022-2023,6272,2004,7619,2475,13891,8276,45.03945578,10094,54.93333333,5,0.027210884,18375,576,1245,1110,1801,1821,38.48267117,2911,61.51732883,0,0,4732,43.69671528,56.28164625,23107,209,0.904487818,1868,8.08413035,5922,25.62859739,7742,33.50499849,42,0.181763102,909,3.933872852,48,0.20772926,1237,5.353356126,398,1.722421777,1168,2727,42.83094976,48,1186,2927,40.51930304,49,74,6434,44.5722203,8001,55.4277797,0,0,14435,6084,44.29882045,7650,55.70117955,0,0,13734,1435,27,47.40596628,1588,34,52.59403372,0,0,0,3084,GEDorHSDiplomaAccepted,Yes,3.4,50,Yes,800,44.64285714,992,55.35714286,3139,2912,1792,9.752380952,8,26,74,23,11630,31580,31580,374,1039,1039,82108875,28849094,10903,78.48966957,8589,7258,66.56883427,52.24965805,51,10057,1832,6409,71,31273,20,15000,16,11,0,No,0.34,0.08,0.08,25.7,14,0.39,0.2,0.1,4.99,209,23.8,5.7,0.21,0.69,65590,103.1,0.13,0.08
University of Virginia,Virginia,2022-2023,7260,447,9317,467,16577,7707,44.05006859,9784,55.92135345,5,0.028577961,17496,3231,834,3221,1352,4065,46.97792673,4573,52.84872299,15,0.173350283,8653,45.01892998,54.90458526,26149,837,3.200887223,1240,4.742055146,1259,4.814715668,9133,34.92676584,12,0.045890856,3060,11.70216834,9,0.034418142,977,3.736280546,969,3.705686642,448,3682,12.16730038,95,427,3672,11.62854031,94,97,23200,45.55629737,27740,54.4711935,1,0.001963634,50926,4116,43.31263811,5387,56.68736189,1,0.010522993,9503,1739,0,43.15136476,2291,0,56.84863524,0,0,0,4030,GEDorHSDiplomaAccepted,Yes,3.715,75,Yes,336,45.28301887,405,54.58221024,3562,1245,742,4.240969364,30,38,62,20,18823,55450,55450,653,1869,1869,149074202,35464054,10230,61.71201062,5676,4942,48.30889541,29.81239066,100,30370,1108,5389,32.4,26211,0,0,14,11,0,No,0.34,0.08,0.08,25.7,14,0.39,0.2,0.1,4.99,209,23.8,5.7,0.21,0.69,65590,103.1,0.13,0.08
Virginia Commonwealth University,Virginia,2022-2023,6545,1134,11720,1559,18265,7679,36.63994656,13279,63.36005344,0,0,20958,1646,719,3251,1508,2365,33.19764177,4759,66.80235823,0,0,7124,35.76668328,64.23331672,28082,450,1.602449968,2342,8.339861833,4307,15.33722669,8602,30.63172139,43,0.153122997,3008,10.71148779,34,0.121073998,1688,6.01096788,484,1.723523966,1249,4139,30.1763711,64.5,1043,3522,29.61385576,66.06,84.8,6730,36.57211173,11672,63.42788827,0,0,18402,6010,35.9966459,10686,64.0033541,0,0,16696,1436,19,34.45417949,2732,36,65.54582051,0,0,0,4223,GEDorHSDiplomaAccepted,Yes,3.72,70,Yes,596,39.9463807,896,60.0536193,2922,2486,1492,7.118999905,6.14,26.56,73.44,21,12472,33728,33728,443,1198,1198,115105925,19515984,13772,75.40104024,1065,9897,71.8632007,54.18560088,49.71,12487,2261,7944,60.76,31085,162,16757,16,11,0,No,0.34,0.08,0.08,25.7,14,0.39,0.2,0.1,4.99,209,23.8,5.7,0.21,0.69,65590,103.1,0.13,0.08
Virginia Tech,Virginia,2022-2023,16740,567,12764,292,29504,17307,56.86731945,13056,42.89938884,71,0.233291713,30434,3069,1140,2579,848,4209,54.40796277,3427,44.29937952,100,1.292657704,7736,56.36887608,43.18312811,38170,1380,3.615404768,2904,7.608069164,1807,4.734084359,18166,47.59235001,34,0.08907519,3733,9.779931884,37,0.096934766,1592,4.170814776,781,2.04610951,818,5863,13.95190176,86.6,1065,4109,25.91871502,74,91,26376,58.19818627,11831,26.10489618,114,0.251539022,45321,13843,53.60309777,11919,46.15295257,63,0.243949661,25825,3949,5,55.17722579,3193,3,44.59949763,16,0,0.223276584,7166,HSDNoGED,Yes,4.03,60,Yes,619,62.08625878,376,37.71313942,2890,1666,997,3.275941381,29,33,67,20,12698,33310,33310,529,1388,1388,47883727,57658642,18745,63.53375813,10799,8563,45.68151507,29.0231833,53.9,8153,2905,3348,46.3,32376,0,0,17,11,0,No,0.34,0.08,0.08,25.7,14,0.39,0.2,0.1,4.99,209,23.8,5.7,0.21,0.69,65590,103.1,0.13,0.08
University of Washington,Washington,2022-2023,12729,3554,17108,3481,29837,16283,44.16088089,20589,55.83911911,0,0,36872,5673,1357,7630,1551,7030,43.36561594,9181,56.63438406,0,0,16211,43.91801518,56.08198482,53083,4483,8.445264962,3072,5.787163499,1154,2.173953997,11063,20.8409472,104,0.195919598,8680,16.35175103,100,0.188384228,2473,4.65874197,5743,10.81890624,1294,6413,20.17776392,84.41,1423,6735,21.12843356,83.93,93.59,22714,43.27465325,29774,56.72534675,0,0,52488,9469,37.96407666,15473,62.03592334,0,0,24942,3010,30,40.99797707,4330,45,59.00202293,0,0,0,7415,NoHSDRequired,No,3.83,80,Yes,630,46.12005857,736,53.87994143,4635,2140,1366,3.70470818,23,29,71,20,11189,39687,39687,373,1323,1323,191208522,16001557,16845,56.45674833,10974,10295,61.11605818,34.50413916,74,18188,2879,4090,28,18136,0,0,21,14.49,0,No,0.3,0.07,0.08,22.2,15.8,0.33,0.23,0.09,4.55,294,22.5,4.5,0.05,0.77,72350,115.1,0.15,0.08
Washington State University,Washington,2022-2023,9396,1197,10416,1603,19812,10593,46.84680701,12019,53.15319299,0,0,22612,1336,758,1980,853,2094,42.50050741,2833,57.49949259,0,0,4927,46.06921094,53.93078906,27539,734,2.665311013,3720,13.50811576,634,2.302189622,13431,48.77083409,140,0.508369948,1599,5.80631105,129,0.468426595,1684,6.114964233,541,1.964486728,1223,4449,27.48932344,61.99,1539,4625,33.27567568,59.55,80.5,8141,41.96175455,11260,58.03824545,0,0,19401,6681,41.4376977,9442,58.5623023,0,0,16123,1845,42,47.28138311,2052,52,52.71861689,0,0,0,3991,GEDorHSDiplomaAccepted,No,3.5,70,Yes,930,46.26865672,1080,53.73134328,4974,3614,2010,8.889085441,15,23,77,22,10976,27052,27052,578,1382,1382,116520604,8909656,15504,78.25560267,10851,10044,64.78328173,50.69654755,70,12504,4449,5445,49.5,25559,287,14735,14,14.49,0,No,0.3,0.07,0.08,22.2,15.8,0.33,0.23,0.09,4.55,294,22.5,4.5,0.05,0.77,72350,115.1,0.15,0.08
University of Wisconsin - Madison,Wisconsin,2022-2023,15790,1726,18098,1616,33888,17516,47.04807951,19714,52.95192049,0,0,37230,4894,1030,5522,1210,5924,46.80783818,6732,53.19216182,0,0,12656,46.98713066,53.01286934,49886,3860,7.737641823,2726,5.464458966,888,1.780058533,23275,46.65637654,87,0.174397627,3523,7.062101592,25,0.050114261,1609,3.225353807,1237,2.47965361,710,6430,11.04199067,89.2,741,6270,11.81818182,89,94.2,29575,49.07899104,30685,50.92100896,0,0,60260,13390,45.31916334,16156,54.68083666,0,0,29546,3904,14,45.41029207,4701,9,54.58970793,0,0,0,8628,GEDorHSDiplomaAccepted,Yes,3.88,60,Yes,595,51.55979203,559,48.44020797,3974,2102,1154,3.099650819,46,26,74,20,10970,31415,31520,385,1137,1137,152724273,37927701,18270,53.91288952,10405,8670,47.45484401,25.58427762,81,18070,2557,6296,36.98,27495,0,0,18,7.25,1,Yes,0.32,0.08,0.07,26.9,14.8,0.36,0.2,0.09,4.17,323,23.9,6,0.07,0.86,56120,95,0.14,0.1
University of Wisconsin - Milwaukee,Wisconsin,2022-2023,6804,1665,8188,2094,14992,8469,45.16559117,10282,54.83440883,0,0,18751,866,804,1370,1347,1670,38.06701618,2717,61.93298382,0,0,4387,43.81779679,56.1778815,23139,378,1.633605601,2607,11.2666926,1343,5.804053762,11952,51.65305329,62,0.267945892,1368,5.912096461,19,0.082112451,818,3.535157094,205,0.885950127,1114,3066,36.33398565,48,1065,4109,25.91871502,74,72.08,6486,42.2403126,8869,57.7596874,0,0,15355,6140,42.00300999,8478,57.99699001,0,0,14618,1487,63,45.98042124,1733,88,54.01957876,0,0,0,3371,GEDorHSDiplomaAccepted,Yes,3.19,0,Yes,592,47.89644013,644,52.10355987,2280,2129,1236,6.591648445,12,18,82,24,10970,31415,31520,385,1137,1137,48809832,20458995.36,12134,80.93649947,8794,6769,55.78539641,45.15074707,50.9,6889,1153,1443,67.96,34244,37,3739,16,7.25,1,Yes,0.32,0.08,0.07,26.9,14.8,0.36,0.2,0.09,4.17,323,23.9,6,0.07,0.86,56120,95,0.14,0.1
